measure_id,measure_name,location_id,location_name,sex_id,sex_name,age_id,age_name,cause_id,cause_name,metric_id,metric_name,year_start,year_end,val,upper,lower
3,YLDs (Years Lived with Disability),6,China,3,Both,159,10-24 years,630,Low back pain,3,Rate,1990,2023,-0.0311054402082208,0.025423282458421,-0.0891433928803833
3,YLDs (Years Lived with Disability),10,Cambodia,3,Both,159,10-24 years,630,Low back pain,3,Rate,1990,2023,-0.0615877096136489,0.0441513774126,-0.1556660138324414
3,YLDs (Years Lived with Disability),7,Democratic People's Republic of Korea,3,Both,159,10-24 years,630,Low back pain,3,Rate,1990,2023,-0.0481722222969874,0.0613953897755856,-0.1326330041232508
3,YLDs (Years Lived with Disability),12,Lao People's Democratic Republic,3,Both,159,10-24 years,630,Low back pain,3,Rate,1990,2023,-0.038563043289872,0.083654950969367,-0.1349122885295235
3,YLDs (Years Lived with Disability),14,Maldives,3,Both,159,10-24 years,630,Low back pain,3,Rate,1990,2023,-0.0001061389915639,0.1144752301230552,-0.1038043590757502
3,YLDs (Years Lived with Disability),18,Thailand,3,Both,159,10-24 years,630,Low back pain,3,Rate,1990,2023,0.026617143237521,0.1375033650391354,-0.0912812866530947
3,YLDs (Years Lived with Disability),16,Philippines,3,Both,159,10-24 years,630,Low back pain,3,Rate,1990,2023,-0.051669716890803,-0.0244190698286143,-0.0774395280023693
3,YLDs (Years Lived with Disability),23,Kiribati,3,Both,159,10-24 years,630,Low back pain,3,Rate,1990,2023,0.0175617344961717,0.1472034985533729,-0.0855998505558333
3,YLDs (Years Lived with Disability),36,Kazakhstan,3,Both,159,10-24 years,630,Low back pain,3,Rate,1990,2023,-0.0046545027530499,0.1111342951518753,-0.0965214884188951
3,YLDs (Years Lived with Disability),29,Tonga,3,Both,159,10-24 years,630,Low back pain,3,Rate,1990,2023,-0.0330144178963742,0.0754013878491831,-0.1347947511939865
3,YLDs (Years Lived with Disability),33,Armenia,3,Both,159,10-24 years,630,Low back pain,3,Rate,1990,2023,-0.027440088205702,0.0517121033356083,-0.1294594873230466
3,YLDs (Years Lived with Disability),8,Taiwan,3,Both,159,10-24 years,630,Low back pain,3,Rate,1990,2023,0.0623910119705859,0.2580827958934681,-0.1059284041730267
3,YLDs (Years Lived with Disability),25,Micronesia (Federated States of),3,Both,159,10-24 years,630,Low back pain,3,Rate,1990,2023,0.0626653576754153,0.2022619977148042,-0.0366649462758807
3,YLDs (Years Lived with Disability),19,Timor-Leste,3,Both,159,10-24 years,630,Low back pain,3,Rate,1990,2023,-0.0390666166120179,0.0866802587004071,-0.1495246358656096
3,YLDs (Years Lived with Disability),17,Sri Lanka,3,Both,159,10-24 years,630,Low back pain,3,Rate,1990,2023,0.0488716033994223,0.1697503106265254,-0.0803459045951238
3,YLDs (Years Lived with Disability),27,Samoa,3,Both,159,10-24 years,630,Low back pain,3,Rate,1990,2023,-0.064731508008609,0.0456419038901869,-0.1685562268315192
3,YLDs (Years Lived with Disability),51,Poland,3,Both,159,10-24 years,630,Low back pain,3,Rate,1990,2023,0.0047748337802319,0.0361474286103033,-0.022717584741504
3,YLDs (Years Lived with Disability),34,Azerbaijan,3,Both,159,10-24 years,630,Low back pain,3,Rate,1990,2023,-0.0255784008313746,0.0752283652447128,-0.1109261382018332
3,YLDs (Years Lived with Disability),30,Vanuatu,3,Both,159,10-24 years,630,Low back pain,3,Rate,1990,2023,0.024027336499049,0.143736916286759,-0.0774037209959042
3,YLDs (Years Lived with Disability),22,Fiji,3,Both,159,10-24 years,630,Low back pain,3,Rate,1990,2023,-0.0544273784177662,0.0444029562572394,-0.1456654826856319
3,YLDs (Years Lived with Disability),20,Viet Nam,3,Both,159,10-24 years,630,Low back pain,3,Rate,1990,2023,0.0663426227982424,0.1951746028263818,-0.0703625362952458
3,YLDs (Years Lived with Disability),28,Solomon Islands,3,Both,159,10-24 years,630,Low back pain,3,Rate,1990,2023,0.0915508635208341,0.2024775796087903,-0.0118195167917964
3,YLDs (Years Lived with Disability),52,Romania,3,Both,159,10-24 years,630,Low back pain,3,Rate,1990,2023,-0.0653190774843701,0.0194020318818745,-0.1502461710344118
3,YLDs (Years Lived with Disability),85,Israel,3,Both,159,10-24 years,630,Low back pain,3,Rate,1990,2023,-0.0449228604021509,0.0468604893239714,-0.1297732121188955
3,YLDs (Years Lived with Disability),102,United States of America,3,Both,159,10-24 years,630,Low back pain,3,Rate,1990,2023,-0.0986581774540396,0.0252900466323141,-0.1896475377543184
3,YLDs (Years Lived with Disability),89,Netherlands,3,Both,159,10-24 years,630,Low back pain,3,Rate,1990,2023,-0.084256294973048,-0.0132219633979503,-0.1659392086669932
3,YLDs (Years Lived with Disability),98,Chile,3,Both,159,10-24 years,630,Low back pain,3,Rate,1990,2023,-0.0542479176446459,0.0340386852054597,-0.1347254698489983
3,YLDs (Years Lived with Disability),78,Denmark,3,Both,159,10-24 years,630,Low back pain,3,Rate,1990,2023,-0.063700161191222,0.0719154793642141,-0.1646398656527402
3,YLDs (Years Lived with Disability),53,Serbia,3,Both,159,10-24 years,630,Low back pain,3,Rate,1990,2023,0.0119605143575418,0.095110586606716,-0.0785708293821401
3,YLDs (Years Lived with Disability),80,France,3,Both,159,10-24 years,630,Low back pain,3,Rate,1990,2023,-0.1040676601140349,-0.005579379582147,-0.1828915109329911
3,YLDs (Years Lived with Disability),87,Luxembourg,3,Both,159,10-24 years,630,Low back pain,3,Rate,1990,2023,-0.0620302441280945,0.0238175494980263,-0.1406231256560628
3,YLDs (Years Lived with Disability),97,Argentina,3,Both,159,10-24 years,630,Low back pain,3,Rate,1990,2023,-0.0132757698105195,0.090552403097035,-0.1171579710843395
3,YLDs (Years Lived with Disability),101,Canada,3,Both,159,10-24 years,630,Low back pain,3,Rate,1990,2023,-0.1297428969189337,-0.0370397479118677,-0.220330956886604
3,YLDs (Years Lived with Disability),74,Andorra,3,Both,159,10-24 years,630,Low back pain,3,Rate,1990,2023,-0.0576958782580625,0.0301790982722797,-0.1351783618955577
3,YLDs (Years Lived with Disability),47,Czechia,3,Both,159,10-24 years,630,Low back pain,3,Rate,1990,2023,-0.0033951814129022,0.0912076851560078,-0.1024713426401046
3,YLDs (Years Lived with Disability),82,Greece,3,Both,159,10-24 years,630,Low back pain,3,Rate,1990,2023,-0.0393266606274458,0.0588257152301409,-0.1380700147851842
3,YLDs (Years Lived with Disability),45,Bulgaria,3,Both,159,10-24 years,630,Low back pain,3,Rate,1990,2023,-0.0420761090962412,0.0539563067057193,-0.1232676669475369
3,YLDs (Years Lived with Disability),49,North Macedonia,3,Both,159,10-24 years,630,Low back pain,3,Rate,1990,2023,-0.000270041651794,0.0838545804986117,-0.0853307914085113
3,YLDs (Years Lived with Disability),38,Mongolia,3,Both,159,10-24 years,630,Low back pain,3,Rate,1990,2023,-0.0693016040650211,0.0305094750803909,-0.1472735098864429
3,YLDs (Years Lived with Disability),76,Belgium,3,Both,159,10-24 years,630,Low back pain,3,Rate,1990,2023,-0.0472865849709973,0.0462574371205293,-0.1255299065862886
3,YLDs (Years Lived with Disability),71,Australia,3,Both,159,10-24 years,630,Low back pain,3,Rate,1990,2023,-0.2021097736647289,-0.1153353927078495,-0.2867007187568733
3,YLDs (Years Lived with Disability),54,Slovakia,3,Both,159,10-24 years,630,Low back pain,3,Rate,1990,2023,-0.0119258206361502,0.0933724944654665,-0.1046294453474464
3,YLDs (Years Lived with Disability),40,Turkmenistan,3,Both,159,10-24 years,630,Low back pain,3,Rate,1990,2023,-0.03862906666509,0.0507954281925559,-0.1225470729432311
3,YLDs (Years Lived with Disability),11,Indonesia,3,Both,159,10-24 years,630,Low back pain,3,Rate,1990,2023,-0.001004743972723,0.0435264472786246,-0.0408468329043703
3,YLDs (Years Lived with Disability),63,Ukraine,3,Both,159,10-24 years,630,Low back pain,3,Rate,1990,2023,-0.0477104411050523,0.0671958043984625,-0.1307872256970838
3,YLDs (Years Lived with Disability),69,Singapore,3,Both,159,10-24 years,630,Low back pain,3,Rate,1990,2023,-0.1236885729581924,-0.0409073186872147,-0.2138248240258888
3,YLDs (Years Lived with Disability),81,Germany,3,Both,159,10-24 years,630,Low back pain,3,Rate,1990,2023,-0.1132894126559582,-0.0138311009516915,-0.1957905479065963
3,YLDs (Years Lived with Disability),105,Antigua and Barbuda,3,Both,159,10-24 years,630,Low back pain,3,Rate,1990,2023,0.002213023423039,0.1121689198784139,-0.0957760509088131
3,YLDs (Years Lived with Disability),57,Belarus,3,Both,159,10-24 years,630,Low back pain,3,Rate,1990,2023,-0.0287165563872718,0.0693215294103063,-0.1129674518345435
3,YLDs (Years Lived with Disability),58,Estonia,3,Both,159,10-24 years,630,Low back pain,3,Rate,1990,2023,0.0108827627430941,0.1401515826386029,-0.0775052087917365
3,YLDs (Years Lived with Disability),67,Japan,3,Both,159,10-24 years,630,Low back pain,3,Rate,1990,2023,-0.1030750240400867,-0.077753655144717,-0.1281532452709601
3,YLDs (Years Lived with Disability),43,Albania,3,Both,159,10-24 years,630,Low back pain,3,Rate,1990,2023,0.0127863515409334,0.1016440709414345,-0.0609811868384508
3,YLDs (Years Lived with Disability),91,Portugal,3,Both,159,10-24 years,630,Low back pain,3,Rate,1990,2023,-0.007089050228124,0.1006622351256194,-0.1041470671216026
3,YLDs (Years Lived with Disability),13,Malaysia,3,Both,159,10-24 years,630,Low back pain,3,Rate,1990,2023,-0.0826910129791092,0.0563882327402472,-0.2029359626287293
3,YLDs (Years Lived with Disability),93,Sweden,3,Both,159,10-24 years,630,Low back pain,3,Rate,1990,2023,0.0394807467418888,0.2187015306375891,-0.1153758034926199
3,YLDs (Years Lived with Disability),107,Barbados,3,Both,159,10-24 years,630,Low back pain,3,Rate,1990,2023,-0.0082118022537059,0.1021474285069633,-0.1072260209561133
3,YLDs (Years Lived with Disability),37,Kyrgyzstan,3,Both,159,10-24 years,630,Low back pain,3,Rate,1990,2023,-0.052663197981107,0.0467404372575901,-0.1350674223026209
3,YLDs (Years Lived with Disability),26,Papua New Guinea,3,Both,159,10-24 years,630,Low back pain,3,Rate,1990,2023,0.0004994944775456,0.1349023420239239,-0.1108378460226916
3,YLDs (Years Lived with Disability),66,Brunei Darussalam,3,Both,159,10-24 years,630,Low back pain,3,Rate,1990,2023,-0.0494007550722667,0.0252850979582641,-0.1328325831888153
3,YLDs (Years Lived with Disability),115,Jamaica,3,Both,159,10-24 years,630,Low back pain,3,Rate,1990,2023,0.0199259608631347,0.1181369713521197,-0.0947421823716757
3,YLDs (Years Lived with Disability),15,Myanmar,3,Both,159,10-24 years,630,Low back pain,3,Rate,1990,2023,0.0192629247544685,0.1320821746837299,-0.0940009183238814
3,YLDs (Years Lived with Disability),60,Lithuania,3,Both,159,10-24 years,630,Low back pain,3,Rate,1990,2023,-0.0358182240531052,0.0535734892199014,-0.1237435115840751
3,YLDs (Years Lived with Disability),24,Marshall Islands,3,Both,159,10-24 years,630,Low back pain,3,Rate,1990,2023,0.0170845764132635,0.1334297133191531,-0.0831761136120349
3,YLDs (Years Lived with Disability),72,New Zealand,3,Both,159,10-24 years,630,Low back pain,3,Rate,1990,2023,-0.0987034707013411,-0.0300967584499954,-0.1667342572141544
3,YLDs (Years Lived with Disability),39,Tajikistan,3,Both,159,10-24 years,630,Low back pain,3,Rate,1990,2023,-0.0558045718477712,0.0599866026815468,-0.1454958320339206
3,YLDs (Years Lived with Disability),86,Italy,3,Both,159,10-24 years,630,Low back pain,3,Rate,1990,2023,-0.0914471067309617,-0.0618785254403667,-0.112603849725291
3,YLDs (Years Lived with Disability),90,Norway,3,Both,159,10-24 years,630,Low back pain,3,Rate,1990,2023,-0.1192913139502939,-0.0844253470477889,-0.1555052730648844
3,YLDs (Years Lived with Disability),35,Georgia,3,Both,159,10-24 years,630,Low back pain,3,Rate,1990,2023,-0.0214746980338853,0.1121160738417976,-0.1211026631131889
3,YLDs (Years Lived with Disability),109,Cuba,3,Both,159,10-24 years,630,Low back pain,3,Rate,1990,2023,-0.0588497433937577,0.0435150250029587,-0.1507119820270378
3,YLDs (Years Lived with Disability),99,Uruguay,3,Both,159,10-24 years,630,Low back pain,3,Rate,1990,2023,0.0493365626198697,0.1470819652303233,-0.0490320125555181
3,YLDs (Years Lived with Disability),111,Dominican Republic,3,Both,159,10-24 years,630,Low back pain,3,Rate,1990,2023,0.0156539279542098,0.1374330486546494,-0.082953463058199
3,YLDs (Years Lived with Disability),125,Colombia,3,Both,159,10-24 years,630,Low back pain,3,Rate,1990,2023,0.0797953384811766,0.2012273648464212,-0.0190186339165512
3,YLDs (Years Lived with Disability),83,Iceland,3,Both,159,10-24 years,630,Low back pain,3,Rate,1990,2023,-0.0943269952508618,-0.0140176098110191,-0.1564416114121177
3,YLDs (Years Lived with Disability),79,Finland,3,Both,159,10-24 years,630,Low back pain,3,Rate,1990,2023,0.046063875510499,0.177179648945499,-0.0589526557473998
3,YLDs (Years Lived with Disability),41,Uzbekistan,3,Both,159,10-24 years,630,Low back pain,3,Rate,1990,2023,-0.0148362852723212,0.0734206208598892,-0.0986435091944865
3,YLDs (Years Lived with Disability),50,Montenegro,3,Both,159,10-24 years,630,Low back pain,3,Rate,1990,2023,0.0092274493391378,0.097712098529786,-0.0746109682598328
3,YLDs (Years Lived with Disability),94,Switzerland,3,Both,159,10-24 years,630,Low back pain,3,Rate,1990,2023,-0.2454622451661054,-0.1381581939381994,-0.3373924580569936
3,YLDs (Years Lived with Disability),92,Spain,3,Both,159,10-24 years,630,Low back pain,3,Rate,1990,2023,-0.1201502905485177,-0.017867462681455,-0.2407278775982816
3,YLDs (Years Lived with Disability),116,Saint Lucia,3,Both,159,10-24 years,630,Low back pain,3,Rate,1990,2023,-0.0170444041548141,0.0776488211005528,-0.1183642759632385
3,YLDs (Years Lived with Disability),61,Republic of Moldova,3,Both,159,10-24 years,630,Low back pain,3,Rate,1990,2023,-0.0229241054232951,0.0712088918162614,-0.1117199623593681
3,YLDs (Years Lived with Disability),84,Ireland,3,Both,159,10-24 years,630,Low back pain,3,Rate,1990,2023,-0.0134059169426384,0.0803571117199541,-0.095592122014566
3,YLDs (Years Lived with Disability),88,Malta,3,Both,159,10-24 years,630,Low back pain,3,Rate,1990,2023,-0.0257709089425452,0.0674367705374653,-0.1283061463735728
3,YLDs (Years Lived with Disability),113,Guyana,3,Both,159,10-24 years,630,Low back pain,3,Rate,1990,2023,-0.0458362040304157,0.0768590815135772,-0.1448893318255866
3,YLDs (Years Lived with Disability),122,Ecuador,3,Both,159,10-24 years,630,Low back pain,3,Rate,1990,2023,-0.0620547255455852,0.0400638329099527,-0.1597014011861094
3,YLDs (Years Lived with Disability),117,Saint Vincent and the Grenadines,3,Both,159,10-24 years,630,Low back pain,3,Rate,1990,2023,-0.0047586636813816,0.0832788980888559,-0.0958036473511508
3,YLDs (Years Lived with Disability),95,United Kingdom,3,Both,159,10-24 years,630,Low back pain,3,Rate,1990,2023,-0.1272421104374007,-0.1003993632507832,-0.1525958467935848
3,YLDs (Years Lived with Disability),131,Nicaragua,3,Both,159,10-24 years,630,Low back pain,3,Rate,1990,2023,0.0136181915338509,0.1273748755499514,-0.0764070667886126
3,YLDs (Years Lived with Disability),62,Russian Federation,3,Both,159,10-24 years,630,Low back pain,3,Rate,1990,2023,0.0069011116446212,0.0254301265363226,-0.0143138386239535
3,YLDs (Years Lived with Disability),114,Haiti,3,Both,159,10-24 years,630,Low back pain,3,Rate,1990,2023,-0.0034057712039028,0.1094526324732718,-0.1041715149555924
3,YLDs (Years Lived with Disability),123,Peru,3,Both,159,10-24 years,630,Low back pain,3,Rate,1990,2023,0.0271690346787889,0.1504747094320478,-0.0709368924477855
3,YLDs (Years Lived with Disability),133,Venezuela (Bolivarian Republic of),3,Both,159,10-24 years,630,Low back pain,3,Rate,1990,2023,-0.0438496605695997,0.0575964021907728,-0.1364949813745948
3,YLDs (Years Lived with Disability),121,Bolivia (Plurinational State of),3,Both,159,10-24 years,630,Low back pain,3,Rate,1990,2023,0.0318075891308353,0.1414822334753839,-0.057832775345704
3,YLDs (Years Lived with Disability),127,El Salvador,3,Both,159,10-24 years,630,Low back pain,3,Rate,1990,2023,0.0400403482454173,0.1459455364305846,-0.0677098936719249
3,YLDs (Years Lived with Disability),118,Suriname,3,Both,159,10-24 years,630,Low back pain,3,Rate,1990,2023,-0.0153303043749968,0.0874750342634628,-0.1153878496111657
3,YLDs (Years Lived with Disability),48,Hungary,3,Both,159,10-24 years,630,Low back pain,3,Rate,1990,2023,-0.0819672809409589,0.0230443069298443,-0.1790081428999846
3,YLDs (Years Lived with Disability),139,Algeria,3,Both,159,10-24 years,630,Low back pain,3,Rate,1990,2023,-0.0241923621660784,0.0941375142081935,-0.1125543110903186
3,YLDs (Years Lived with Disability),179,Ethiopia,3,Both,159,10-24 years,630,Low back pain,3,Rate,1990,2023,-0.0448196620083216,0.0062983740372468,-0.097359484719495
3,YLDs (Years Lived with Disability),153,Syrian Arab Republic,3,Both,159,10-24 years,630,Low back pain,3,Rate,1990,2023,0.0026528723128013,0.1003984204072984,-0.102748698784348
3,YLDs (Years Lived with Disability),180,Kenya,3,Both,159,10-24 years,630,Low back pain,3,Rate,1990,2023,-0.0047432643515959,0.0203536871104231,-0.0272115161629261
3,YLDs (Years Lived with Disability),149,Palestine,3,Both,159,10-24 years,630,Low back pain,3,Rate,1990,2023,-0.0265941244055952,0.0533301407019275,-0.1048524440072198
3,YLDs (Years Lived with Disability),155,Türkiye,3,Both,159,10-24 years,630,Low back pain,3,Rate,1990,2023,0.0107560649339621,0.1404834660881773,-0.1080585032663107
3,YLDs (Years Lived with Disability),168,Angola,3,Both,159,10-24 years,630,Low back pain,3,Rate,1990,2023,-0.0723876107294619,0.0269164194291272,-0.1673023560869974
3,YLDs (Years Lived with Disability),181,Madagascar,3,Both,159,10-24 years,630,Low back pain,3,Rate,1990,2023,-0.0606876068807547,0.0275250233123314,-0.1448599489002102
3,YLDs (Years Lived with Disability),169,Central African Republic,3,Both,159,10-24 years,630,Low back pain,3,Rate,1990,2023,-0.0448593629045124,0.0627721801545814,-0.1383456895033583
3,YLDs (Years Lived with Disability),156,United Arab Emirates,3,Both,159,10-24 years,630,Low back pain,3,Rate,1990,2023,0.0169148844133224,0.1135122724852266,-0.0764646185382816
3,YLDs (Years Lived with Disability),170,Congo,3,Both,159,10-24 years,630,Low back pain,3,Rate,1990,2023,-0.0243500918420489,0.0775721992631421,-0.1210489098713855
3,YLDs (Years Lived with Disability),142,Iran (Islamic Republic of),3,Both,159,10-24 years,630,Low back pain,3,Rate,1990,2023,-0.0416254820486456,-0.0168723653329084,-0.0717252786263643
3,YLDs (Years Lived with Disability),144,Jordan,3,Both,159,10-24 years,630,Low back pain,3,Rate,1990,2023,-0.0062165919955382,0.0863209225702238,-0.0783172733007985
3,YLDs (Years Lived with Disability),162,Bhutan,3,Both,159,10-24 years,630,Low back pain,3,Rate,1990,2023,0.0202807606744675,0.1355675132601786,-0.0775804051245426
3,YLDs (Years Lived with Disability),140,Bahrain,3,Both,159,10-24 years,630,Low back pain,3,Rate,1990,2023,-0.0251566545366354,0.0705270554575943,-0.1195919607022818
3,YLDs (Years Lived with Disability),160,Afghanistan,3,Both,159,10-24 years,630,Low back pain,3,Rate,1990,2023,0.0212000890367763,0.1465507900118374,-0.0706452323020041
3,YLDs (Years Lived with Disability),129,Honduras,3,Both,159,10-24 years,630,Low back pain,3,Rate,1990,2023,0.0550181174290354,0.1601432351000891,-0.0569792400105558
3,YLDs (Years Lived with Disability),151,Qatar,3,Both,159,10-24 years,630,Low back pain,3,Rate,1990,2023,0.0252445649536377,0.1348567448196202,-0.0728137908505805
3,YLDs (Years Lived with Disability),164,Nepal,3,Both,159,10-24 years,630,Low back pain,3,Rate,1990,2023,-0.0714040161419323,0.0304460337049568,-0.1900410129236356
3,YLDs (Years Lived with Disability),77,Cyprus,3,Both,159,10-24 years,630,Low back pain,3,Rate,1990,2023,-0.0238055998963723,0.07155631622333,-0.1017001687980859
3,YLDs (Years Lived with Disability),55,Slovenia,3,Both,159,10-24 years,630,Low back pain,3,Rate,1990,2023,-0.0103816418734254,0.0936708607712372,-0.1197471808197537
3,YLDs (Years Lived with Disability),146,Lebanon,3,Both,159,10-24 years,630,Low back pain,3,Rate,1990,2023,-0.0093122734924089,0.0890269452271099,-0.0949212680264668
3,YLDs (Years Lived with Disability),171,Democratic Republic of the Congo,3,Both,159,10-24 years,630,Low back pain,3,Rate,1990,2023,-0.0498464977483476,0.0481729449418291,-0.1390275814602962
3,YLDs (Years Lived with Disability),177,Djibouti,3,Both,159,10-24 years,630,Low back pain,3,Rate,1990,2023,-0.0695761078982495,0.0312657275948076,-0.1593240965685307
3,YLDs (Years Lived with Disability),75,Austria,3,Both,159,10-24 years,630,Low back pain,3,Rate,1990,2023,-0.0729625615299201,0.0328731380553526,-0.1570747682914297
3,YLDs (Years Lived with Disability),46,Croatia,3,Both,159,10-24 years,630,Low back pain,3,Rate,1990,2023,-0.0232147497646854,0.0727358418131128,-0.1006426308861358
3,YLDs (Years Lived with Disability),145,Kuwait,3,Both,159,10-24 years,630,Low back pain,3,Rate,1990,2023,0.001732150265937,0.1220926239421135,-0.0966779815151399
3,YLDs (Years Lived with Disability),147,Libya,3,Both,159,10-24 years,630,Low back pain,3,Rate,1990,2023,-0.0035018826208486,0.100955442029388,-0.0825663949745801
3,YLDs (Years Lived with Disability),175,Burundi,3,Both,159,10-24 years,630,Low back pain,3,Rate,1990,2023,-0.0463202986127949,0.0634082014975499,-0.1498849165049153
3,YLDs (Years Lived with Disability),178,Eritrea,3,Both,159,10-24 years,630,Low back pain,3,Rate,1990,2023,0.0608519139846558,0.1728991010862209,-0.047711503996995
3,YLDs (Years Lived with Disability),148,Morocco,3,Both,159,10-24 years,630,Low back pain,3,Rate,1990,2023,0.0089028733713598,0.1103566934767825,-0.0905018195866062
3,YLDs (Years Lived with Disability),68,Republic of Korea,3,Both,159,10-24 years,630,Low back pain,3,Rate,1990,2023,-0.0601595642811069,0.0352117342875263,-0.1298623732318919
3,YLDs (Years Lived with Disability),126,Costa Rica,3,Both,159,10-24 years,630,Low back pain,3,Rate,1990,2023,-0.0328533225674506,0.0684383232566225,-0.1258318160904384
3,YLDs (Years Lived with Disability),173,Gabon,3,Both,159,10-24 years,630,Low back pain,3,Rate,1990,2023,-0.0103754973676133,0.1017621615360389,-0.1197251549122464
3,YLDs (Years Lived with Disability),110,Dominica,3,Both,159,10-24 years,630,Low back pain,3,Rate,1990,2023,-0.0025336476023746,0.0971092214899795,-0.0905352619950315
3,YLDs (Years Lived with Disability),44,Bosnia and Herzegovina,3,Both,159,10-24 years,630,Low back pain,3,Rate,1990,2023,0.0695162703517897,0.1697486580566179,-0.0367351608649023
3,YLDs (Years Lived with Disability),193,Botswana,3,Both,159,10-24 years,630,Low back pain,3,Rate,1990,2023,0.0100098308967846,0.1404305337413937,-0.0961649276491761
3,YLDs (Years Lived with Disability),196,South Africa,3,Both,159,10-24 years,630,Low back pain,3,Rate,1990,2023,-0.0318329589311732,0.0169156086217026,-0.0786472630937431
3,YLDs (Years Lived with Disability),112,Grenada,3,Both,159,10-24 years,630,Low back pain,3,Rate,1990,2023,-0.0033009482780971,0.1097721874380049,-0.1019245504545138
3,YLDs (Years Lived with Disability),182,Malawi,3,Both,159,10-24 years,630,Low back pain,3,Rate,1990,2023,-0.0226996553893745,0.1166757315255761,-0.1251699542070165
3,YLDs (Years Lived with Disability),135,Brazil,3,Both,159,10-24 years,630,Low back pain,3,Rate,1990,2023,0.1174614941773119,0.1521441653705587,0.075707555765813
3,YLDs (Years Lived with Disability),186,Seychelles,3,Both,159,10-24 years,630,Low back pain,3,Rate,1990,2023,-0.0662339862191575,0.0357483593166463,-0.1523309868598729
3,YLDs (Years Lived with Disability),157,Yemen,3,Both,159,10-24 years,630,Low back pain,3,Rate,1990,2023,-0.010712227041769,0.1014294786345777,-0.1021372974273742
3,YLDs (Years Lived with Disability),189,United Republic of Tanzania,3,Both,159,10-24 years,630,Low back pain,3,Rate,1990,2023,-0.0445383163051922,0.0603526525624686,-0.1337858435257866
3,YLDs (Years Lived with Disability),136,Paraguay,3,Both,159,10-24 years,630,Low back pain,3,Rate,1990,2023,0.0528796044465352,0.163875886141908,-0.0466731938371078
3,YLDs (Years Lived with Disability),132,Panama,3,Both,159,10-24 years,630,Low back pain,3,Rate,1990,2023,-0.0108072562248161,0.0942229076099289,-0.1022998797268593
3,YLDs (Years Lived with Disability),187,Somalia,3,Both,159,10-24 years,630,Low back pain,3,Rate,1990,2023,0.0357202077382982,0.1567524063692048,-0.0862112909710969
3,YLDs (Years Lived with Disability),190,Uganda,3,Both,159,10-24 years,630,Low back pain,3,Rate,1990,2023,-0.0559941155899261,0.0421269843290552,-0.1385402681516707
3,YLDs (Years Lived with Disability),184,Mozambique,3,Both,159,10-24 years,630,Low back pain,3,Rate,1990,2023,-0.0156641187904634,0.0953168291960423,-0.1171160462158351
3,YLDs (Years Lived with Disability),194,Lesotho,3,Both,159,10-24 years,630,Low back pain,3,Rate,1990,2023,-0.0031681599033161,0.1050639561189281,-0.1223662352024075
3,YLDs (Years Lived with Disability),191,Zambia,3,Both,159,10-24 years,630,Low back pain,3,Rate,1990,2023,0.0874373401048063,0.2206193788179426,-0.0365836546713619
3,YLDs (Years Lived with Disability),119,Trinidad and Tobago,3,Both,159,10-24 years,630,Low back pain,3,Rate,1990,2023,-0.007497559604052,0.1130132607905328,-0.1030867666529897
3,YLDs (Years Lived with Disability),128,Guatemala,3,Both,159,10-24 years,630,Low back pain,3,Rate,1990,2023,0.0059945574625301,0.1324662525310769,-0.0916269760657594
3,YLDs (Years Lived with Disability),154,Tunisia,3,Both,159,10-24 years,630,Low back pain,3,Rate,1990,2023,0.0323036290193502,0.1386364998954465,-0.072451025344754
3,YLDs (Years Lived with Disability),150,Oman,3,Both,159,10-24 years,630,Low back pain,3,Rate,1990,2023,-0.0031075847766853,0.1035230677597557,-0.0947901720442605
3,YLDs (Years Lived with Disability),165,Pakistan,3,Both,159,10-24 years,630,Low back pain,3,Rate,1990,2023,0.1164564050472077,0.1979182416055689,0.0526736688532656
3,YLDs (Years Lived with Disability),385,Puerto Rico,3,Both,159,10-24 years,630,Low back pain,3,Rate,1990,2023,0.0026456100590261,0.1248436291118079,-0.1183355674470104
3,YLDs (Years Lived with Disability),152,Saudi Arabia,3,Both,159,10-24 years,630,Low back pain,3,Rate,1990,2023,0.0382765050053811,0.1452595830585436,-0.0528603203994791
3,YLDs (Years Lived with Disability),163,India,3,Both,159,10-24 years,630,Low back pain,3,Rate,1990,2023,-0.1361504037902973,-0.1111486915725887,-0.1604916460355134
3,YLDs (Years Lived with Disability),130,Mexico,3,Both,159,10-24 years,630,Low back pain,3,Rate,1990,2023,-0.0062091897752097,0.029438790789053,-0.0456342152945749
3,YLDs (Years Lived with Disability),141,Egypt,3,Both,159,10-24 years,630,Low back pain,3,Rate,1990,2023,0.0105009470234854,0.1142719240221071,-0.0732364515792697
3,YLDs (Years Lived with Disability),143,Iraq,3,Both,159,10-24 years,630,Low back pain,3,Rate,1990,2023,-0.014656962848028,0.0823316522854153,-0.0965407401549312
3,YLDs (Years Lived with Disability),393,Saint Kitts and Nevis,3,Both,159,10-24 years,630,Low back pain,3,Rate,1990,2023,0.0083592439480754,0.127723893149193,-0.0926152316891195
3,YLDs (Years Lived with Disability),396,San Marino,3,Both,159,10-24 years,630,Low back pain,3,Rate,1990,2023,-0.0788388976102974,0.0092285594550644,-0.1533045024245878
3,YLDs (Years Lived with Disability),172,Equatorial Guinea,3,Both,159,10-24 years,630,Low back pain,3,Rate,1990,2023,-0.0539308223879084,0.0338335125972339,-0.1380097771547473
3,YLDs (Years Lived with Disability),176,Comoros,3,Both,159,10-24 years,630,Low back pain,3,Rate,1990,2023,-0.0173531739930359,0.0918259170816327,-0.1091443610129187
3,YLDs (Years Lived with Disability),161,Bangladesh,3,Both,159,10-24 years,630,Low back pain,3,Rate,1990,2023,-0.0696410421982163,0.0447220248408996,-0.1714439598940735
3,YLDs (Years Lived with Disability),183,Mauritius,3,Both,159,10-24 years,630,Low back pain,3,Rate,1990,2023,-0.0404459888384794,0.0752816741813196,-0.1548554911039131
3,YLDs (Years Lived with Disability),197,Eswatini,3,Both,159,10-24 years,630,Low back pain,3,Rate,1990,2023,-0.0007252542373646,0.1301908306984527,-0.0992766368724105
3,YLDs (Years Lived with Disability),214,Nigeria,3,Both,159,10-24 years,630,Low back pain,3,Rate,1990,2023,-0.0674669793069761,-0.0408171094887931,-0.0890416981231367
3,YLDs (Years Lived with Disability),198,Zimbabwe,3,Both,159,10-24 years,630,Low back pain,3,Rate,1990,2023,0.074104140988158,0.2099787577925407,-0.0470176028636042
3,YLDs (Years Lived with Disability),200,Benin,3,Both,159,10-24 years,630,Low back pain,3,Rate,1990,2023,-0.044390339558077,0.0586859432690369,-0.1417737082546909
3,YLDs (Years Lived with Disability),59,Latvia,3,Both,159,10-24 years,630,Low back pain,3,Rate,1990,2023,-0.0079158510343341,0.0948486813126693,-0.0970581532843217
3,YLDs (Years Lived with Disability),376,Northern Mariana Islands,3,Both,159,10-24 years,630,Low back pain,3,Rate,1990,2023,-0.1227467053817143,-0.0184655849738976,-0.2073899042583208
3,YLDs (Years Lived with Disability),106,Bahamas,3,Both,159,10-24 years,630,Low back pain,3,Rate,1990,2023,-0.0101081519446965,0.1096826154925566,-0.1105514584693176
3,YLDs (Years Lived with Disability),108,Belize,3,Both,159,10-24 years,630,Low back pain,3,Rate,1990,2023,0.007302061104825,0.1158858494416537,-0.0940492867190975
3,YLDs (Years Lived with Disability),185,Rwanda,3,Both,159,10-24 years,630,Low back pain,3,Rate,1990,2023,-0.0326462980590017,0.0703702626021642,-0.1249184845704551
3,YLDs (Years Lived with Disability),195,Namibia,3,Both,159,10-24 years,630,Low back pain,3,Rate,1990,2023,0.0013296418519992,0.1141074978972395,-0.099348596263417
3,YLDs (Years Lived with Disability),380,Palau,3,Both,159,10-24 years,630,Low back pain,3,Rate,1990,2023,-0.0039879631581358,0.1050593967229049,-0.0995398074221877
3,YLDs (Years Lived with Disability),211,Mali,3,Both,159,10-24 years,630,Low back pain,3,Rate,1990,2023,0.0352368271356041,0.1632874882168438,-0.0779643327637777
3,YLDs (Years Lived with Disability),351,Guam,3,Both,159,10-24 years,630,Low back pain,3,Rate,1990,2023,-0.0436990665269603,0.0639878722218705,-0.1404709207391485
3,YLDs (Years Lived with Disability),212,Mauritania,3,Both,159,10-24 years,630,Low back pain,3,Rate,1990,2023,-0.0169954909631577,0.1043394185046806,-0.1217869363589113
3,YLDs (Years Lived with Disability),213,Niger,3,Both,159,10-24 years,630,Low back pain,3,Rate,1990,2023,0.014248713298579,0.1433282554315973,-0.0776617736239576
3,YLDs (Years Lived with Disability),218,Togo,3,Both,159,10-24 years,630,Low back pain,3,Rate,1990,2023,-0.0677105646105875,0.0336797756683452,-0.1555488394792227
3,YLDs (Years Lived with Disability),367,Monaco,3,Both,159,10-24 years,630,Low back pain,3,Rate,1990,2023,-0.0862085987359503,-0.000815719785144,-0.1769667415981435
3,YLDs (Years Lived with Disability),207,Ghana,3,Both,159,10-24 years,630,Low back pain,3,Rate,1990,2023,0.0071209807356113,0.1310579948380473,-0.0988219666286444
3,YLDs (Years Lived with Disability),209,Guinea-Bissau,3,Both,159,10-24 years,630,Low back pain,3,Rate,1990,2023,-0.0223285364443806,0.0812037466178555,-0.1147168072604784
3,YLDs (Years Lived with Disability),216,Senegal,3,Both,159,10-24 years,630,Low back pain,3,Rate,1990,2023,-0.0302599396685485,0.0851348457138151,-0.1221942185629642
3,YLDs (Years Lived with Disability),413,Tokelau,3,Both,159,10-24 years,630,Low back pain,3,Rate,1990,2023,0.0010612809650771,0.0987239832261895,-0.1064536828489608
3,YLDs (Years Lived with Disability),422,United States Virgin Islands,3,Both,159,10-24 years,630,Low back pain,3,Rate,1990,2023,0.0031064901517928,0.1105418147161474,-0.1028503958193289
3,YLDs (Years Lived with Disability),435,South Sudan,3,Both,159,10-24 years,630,Low back pain,3,Rate,1990,2023,-0.0306498523618493,0.0825623497457477,-0.117023245252182
3,YLDs (Years Lived with Disability),305,Bermuda,3,Both,159,10-24 years,630,Low back pain,3,Rate,1990,2023,-0.0540567956895421,0.0543115283568127,-0.1559240656963441
3,YLDs (Years Lived with Disability),320,Cook Islands,3,Both,159,10-24 years,630,Low back pain,3,Rate,1990,2023,-0.029853347060386,0.0727273599082281,-0.1320289166807853
3,YLDs (Years Lived with Disability),349,Greenland,3,Both,159,10-24 years,630,Low back pain,3,Rate,1990,2023,-0.1276324471931165,-0.0236248753215931,-0.213681615461058
3,YLDs (Years Lived with Disability),298,American Samoa,3,Both,159,10-24 years,630,Low back pain,3,Rate,1990,2023,-0.0757858685302411,0.0344684730498304,-0.1708940094738276
3,YLDs (Years Lived with Disability),369,Nauru,3,Both,159,10-24 years,630,Low back pain,3,Rate,1990,2023,-0.0054190218584189,0.1110688258540801,-0.1104265496444372
3,YLDs (Years Lived with Disability),203,Cabo Verde,3,Both,159,10-24 years,630,Low back pain,3,Rate,1990,2023,-0.0404530783179424,0.0765749389466581,-0.1372275933485208
3,YLDs (Years Lived with Disability),205,Côte d'Ivoire,3,Both,159,10-24 years,630,Low back pain,3,Rate,1990,2023,-0.0428033559339357,0.0536189666464168,-0.1472388201340831
3,YLDs (Years Lived with Disability),215,Sao Tome and Principe,3,Both,159,10-24 years,630,Low back pain,3,Rate,1990,2023,-0.0048163020827869,0.1015481975187881,-0.1034783552579091
3,YLDs (Years Lived with Disability),416,Tuvalu,3,Both,159,10-24 years,630,Low back pain,3,Rate,1990,2023,-0.0186900185054349,0.0973094010995982,-0.1145766728607155
3,YLDs (Years Lived with Disability),522,Sudan,3,Both,159,10-24 years,630,Low back pain,3,Rate,1990,2023,0.0089290684751019,0.104398982994614,-0.0849824436364528
3,YLDs (Years Lived with Disability),208,Guinea,3,Both,159,10-24 years,630,Low back pain,3,Rate,1990,2023,-0.0272304497174182,0.0750993357758305,-0.1130562912919574
3,YLDs (Years Lived with Disability),217,Sierra Leone,3,Both,159,10-24 years,630,Low back pain,3,Rate,1990,2023,-0.0577196075229899,0.0431090530291143,-0.1452684506185309
3,YLDs (Years Lived with Disability),210,Liberia,3,Both,159,10-24 years,630,Low back pain,3,Rate,1990,2023,-0.0308352826208199,0.0703990070581966,-0.1316486360524104
3,YLDs (Years Lived with Disability),374,Niue,3,Both,159,10-24 years,630,Low back pain,3,Rate,1990,2023,0.0364983512128153,0.1417107207344971,-0.0624048414665821
3,YLDs (Years Lived with Disability),201,Burkina Faso,3,Both,159,10-24 years,630,Low back pain,3,Rate,1990,2023,0.0417774999525177,0.1446619526441316,-0.0720662138741656
3,YLDs (Years Lived with Disability),204,Chad,3,Both,159,10-24 years,630,Low back pain,3,Rate,1990,2023,-0.1026947228759019,-0.0075518368041747,-0.2008116053447517
3,YLDs (Years Lived with Disability),206,Gambia,3,Both,159,10-24 years,630,Low back pain,3,Rate,1990,2023,-0.0481527890078758,0.0563264130456337,-0.1298653308651724
3,YLDs (Years Lived with Disability),202,Cameroon,3,Both,159,10-24 years,630,Low back pain,3,Rate,1990,2023,-0.0638350260568326,0.0550178679262984,-0.1661699251329771
5,Prevalence,19,Timor-Leste,3,Both,159,10-24 years,630,Low back pain,3,Rate,1990,2023,-0.0486628655380197,0.0333377489468368,-0.1342740131870347
5,Prevalence,12,Lao People's Democratic Republic,3,Both,159,10-24 years,630,Low back pain,3,Rate,1990,2023,-0.0476475381765582,0.0373418721041333,-0.1309353749457397
5,Prevalence,17,Sri Lanka,3,Both,159,10-24 years,630,Low back pain,3,Rate,1990,2023,0.0503157262220705,0.1481635507119819,-0.033032549816958
5,Prevalence,38,Mongolia,3,Both,159,10-24 years,630,Low back pain,3,Rate,1990,2023,-0.0677313986430055,0.0202770703751102,-0.1296389611426022
5,Prevalence,102,United States of America,3,Both,159,10-24 years,630,Low back pain,3,Rate,1990,2023,-0.0946483943128238,0.023514768738261,-0.1860991838299023
5,Prevalence,57,Belarus,3,Both,159,10-24 years,630,Low back pain,3,Rate,1990,2023,-0.0264082069826153,0.0435425226012978,-0.094516988942559
5,Prevalence,10,Cambodia,3,Both,159,10-24 years,630,Low back pain,3,Rate,1990,2023,-0.0707335591595198,0.0035809104981849,-0.1470922732835269
5,Prevalence,83,Iceland,3,Both,159,10-24 years,630,Low back pain,3,Rate,1990,2023,-0.0867866211581006,-0.0141929672963151,-0.1466626111250801
5,Prevalence,43,Albania,3,Both,159,10-24 years,630,Low back pain,3,Rate,1990,2023,0.0122082736602527,0.0956806261736251,-0.0624956051393533
5,Prevalence,24,Marshall Islands,3,Both,159,10-24 years,630,Low back pain,3,Rate,1990,2023,0.0143684607840763,0.084606243937845,-0.0665715769817505
5,Prevalence,95,United Kingdom,3,Both,159,10-24 years,630,Low back pain,3,Rate,1990,2023,-0.1121353512819101,-0.0891298520228807,-0.1338629268707472
5,Prevalence,36,Kazakhstan,3,Both,159,10-24 years,630,Low back pain,3,Rate,1990,2023,-0.0063810978789513,0.0764818330305765,-0.0844379605772628
5,Prevalence,50,Montenegro,3,Both,159,10-24 years,630,Low back pain,3,Rate,1990,2023,0.0119154992350878,0.08772171553743,-0.0684974634469287
5,Prevalence,121,Bolivia (Plurinational State of),3,Both,159,10-24 years,630,Low back pain,3,Rate,1990,2023,0.03013285381895,0.1049461319258437,-0.0488339898903247
5,Prevalence,29,Tonga,3,Both,159,10-24 years,630,Low back pain,3,Rate,1990,2023,-0.0291997619057418,0.04056691268514,-0.0962545646464902
5,Prevalence,15,Myanmar,3,Both,159,10-24 years,630,Low back pain,3,Rate,1990,2023,0.0134362639892293,0.110037064374514,-0.0618179415938968
5,Prevalence,41,Uzbekistan,3,Both,159,10-24 years,630,Low back pain,3,Rate,1990,2023,-0.0199870291152732,0.0554057111294767,-0.0903167772362016
5,Prevalence,55,Slovenia,3,Both,159,10-24 years,630,Low back pain,3,Rate,1990,2023,-0.0087391074103829,0.0940879887685399,-0.0988489506648707
5,Prevalence,62,Russian Federation,3,Both,159,10-24 years,630,Low back pain,3,Rate,1990,2023,0.0065002284970265,0.0218733892330043,-0.0079635059774313
5,Prevalence,76,Belgium,3,Both,159,10-24 years,630,Low back pain,3,Rate,1990,2023,-0.0426532104290703,0.0373034017015305,-0.1089963342654138
5,Prevalence,69,Singapore,3,Both,159,10-24 years,630,Low back pain,3,Rate,1990,2023,-0.118836556635379,-0.0483381522206249,-0.1970487418231516
5,Prevalence,22,Fiji,3,Both,159,10-24 years,630,Low back pain,3,Rate,1990,2023,-0.0479454934343707,0.0221921980982896,-0.1432634421803108
5,Prevalence,34,Azerbaijan,3,Both,159,10-24 years,630,Low back pain,3,Rate,1990,2023,-0.0217473851068701,0.0572464554052902,-0.0926933893015328
5,Prevalence,74,Andorra,3,Both,159,10-24 years,630,Low back pain,3,Rate,1990,2023,-0.0476296417015106,0.0222104416677891,-0.1142292087798439
5,Prevalence,48,Hungary,3,Both,159,10-24 years,630,Low back pain,3,Rate,1990,2023,-0.0850372420300888,0.0045030401758799,-0.17715902360113
5,Prevalence,27,Samoa,3,Both,159,10-24 years,630,Low back pain,3,Rate,1990,2023,-0.0629049613814672,0.0045322310893819,-0.134336882757851
5,Prevalence,93,Sweden,3,Both,159,10-24 years,630,Low back pain,3,Rate,1990,2023,0.0436363992235227,0.1917577176343838,-0.0904859973644743
5,Prevalence,60,Lithuania,3,Both,159,10-24 years,630,Low back pain,3,Rate,1990,2023,-0.0324472679813922,0.0617238310995972,-0.0997529939956966
5,Prevalence,8,Taiwan,3,Both,159,10-24 years,630,Low back pain,3,Rate,1990,2023,0.0607179893971882,0.2515709650094752,-0.1004107091159083
5,Prevalence,67,Japan,3,Both,159,10-24 years,630,Low back pain,3,Rate,1990,2023,-0.1029136376322157,-0.0825043925426719,-0.1248924726454283
5,Prevalence,20,Viet Nam,3,Both,159,10-24 years,630,Low back pain,3,Rate,1990,2023,0.0580710893127366,0.1557043813164747,-0.0255722273051992
5,Prevalence,18,Thailand,3,Both,159,10-24 years,630,Low back pain,3,Rate,1990,2023,0.0220977105489606,0.1275930394171838,-0.0678825779404979
5,Prevalence,147,Libya,3,Both,159,10-24 years,630,Low back pain,3,Rate,1990,2023,0.0004901890976417,0.0805756524079844,-0.0652613429728163
5,Prevalence,13,Malaysia,3,Both,159,10-24 years,630,Low back pain,3,Rate,1990,2023,-0.0849836085041474,0.0157991234172305,-0.2029590107156914
5,Prevalence,114,Haiti,3,Both,159,10-24 years,630,Low back pain,3,Rate,1990,2023,-0.0083734532928176,0.0773618372128521,-0.0886039579101711
5,Prevalence,46,Croatia,3,Both,159,10-24 years,630,Low back pain,3,Rate,1990,2023,-0.0229859195087362,0.0627438491483703,-0.0876796154056204
5,Prevalence,39,Tajikistan,3,Both,159,10-24 years,630,Low back pain,3,Rate,1990,2023,-0.0554487788200374,0.0288255747123249,-0.1291303639549341
5,Prevalence,101,Canada,3,Both,159,10-24 years,630,Low back pain,3,Rate,1990,2023,-0.1230202199523075,-0.046995418176931,-0.2029158545683347
5,Prevalence,88,Malta,3,Both,159,10-24 years,630,Low back pain,3,Rate,1990,2023,-0.0193570288920114,0.060745029230912,-0.1077942807623359
5,Prevalence,133,Venezuela (Bolivarian Republic of),3,Both,159,10-24 years,630,Low back pain,3,Rate,1990,2023,-0.0392224102510255,0.0472976840310768,-0.1140569981065716
5,Prevalence,53,Serbia,3,Both,159,10-24 years,630,Low back pain,3,Rate,1990,2023,0.0127315032004926,0.089364043132931,-0.0682776315538353
5,Prevalence,105,Antigua and Barbuda,3,Both,159,10-24 years,630,Low back pain,3,Rate,1990,2023,0.0041785224303872,0.0759773598114109,-0.0677204327071011
5,Prevalence,107,Barbados,3,Both,159,10-24 years,630,Low back pain,3,Rate,1990,2023,-0.00892697076927,0.0556081555696175,-0.0830385127506341
5,Prevalence,81,Germany,3,Both,159,10-24 years,630,Low back pain,3,Rate,1990,2023,-0.1080098208851981,-0.0282133985963847,-0.1852613935329651
5,Prevalence,122,Ecuador,3,Both,159,10-24 years,630,Low back pain,3,Rate,1990,2023,-0.0626416841636416,0.0175596930462935,-0.1563088222855775
5,Prevalence,51,Poland,3,Both,159,10-24 years,630,Low back pain,3,Rate,1990,2023,0.0034062522045564,0.0275862024247831,-0.0183885673026871
5,Prevalence,37,Kyrgyzstan,3,Both,159,10-24 years,630,Low back pain,3,Rate,1990,2023,-0.0555678097616981,0.0217722493923617,-0.1207326307591156
5,Prevalence,112,Grenada,3,Both,159,10-24 years,630,Low back pain,3,Rate,1990,2023,-0.0064947084483615,0.079978855875793,-0.0937531276039709
5,Prevalence,86,Italy,3,Both,159,10-24 years,630,Low back pain,3,Rate,1990,2023,-0.08679250889616,-0.066366450746824,-0.1048176139142864
5,Prevalence,131,Nicaragua,3,Both,159,10-24 years,630,Low back pain,3,Rate,1990,2023,0.0102618339854352,0.0991411636538087,-0.0708694278546296
5,Prevalence,58,Estonia,3,Both,159,10-24 years,630,Low back pain,3,Rate,1990,2023,0.0143654302299987,0.1216882382958528,-0.0664693334299137
5,Prevalence,72,New Zealand,3,Both,159,10-24 years,630,Low back pain,3,Rate,1990,2023,-0.09927928588016,-0.0379321475984975,-0.1520643351433138
5,Prevalence,79,Finland,3,Both,159,10-24 years,630,Low back pain,3,Rate,1990,2023,0.0508930647729848,0.1568036002128733,-0.0331468617532697
5,Prevalence,91,Portugal,3,Both,159,10-24 years,630,Low back pain,3,Rate,1990,2023,-0.0022895517641836,0.0827502882941746,-0.0844292655472081
5,Prevalence,98,Chile,3,Both,159,10-24 years,630,Low back pain,3,Rate,1990,2023,-0.0511526767301374,0.0334132929274609,-0.1182878259630726
5,Prevalence,145,Kuwait,3,Both,159,10-24 years,630,Low back pain,3,Rate,1990,2023,0.000918530951875,0.0831325790986414,-0.0772129622690124
5,Prevalence,84,Ireland,3,Both,159,10-24 years,630,Low back pain,3,Rate,1990,2023,-0.003589171953868,0.0796344712349722,-0.0871601984924568
5,Prevalence,110,Dominica,3,Both,159,10-24 years,630,Low back pain,3,Rate,1990,2023,-0.0037513520342097,0.0792000599826387,-0.075315411553224
5,Prevalence,164,Nepal,3,Both,159,10-24 years,630,Low back pain,3,Rate,1990,2023,-0.0867108391449744,0.0135192206788595,-0.1859359751411625
5,Prevalence,176,Comoros,3,Both,159,10-24 years,630,Low back pain,3,Rate,1990,2023,-0.0177428931814648,0.0528302970187469,-0.0914776761811198
5,Prevalence,6,China,3,Both,159,10-24 years,630,Low back pain,3,Rate,1990,2023,-0.0303096714159821,0.0213160746772832,-0.0829573633455019
5,Prevalence,143,Iraq,3,Both,159,10-24 years,630,Low back pain,3,Rate,1990,2023,-0.0209073194484335,0.0612675011082636,-0.0861968060602629
5,Prevalence,140,Bahrain,3,Both,159,10-24 years,630,Low back pain,3,Rate,1990,2023,-0.0257044696263554,0.0403944423874406,-0.102316639305618
5,Prevalence,63,Ukraine,3,Both,159,10-24 years,630,Low back pain,3,Rate,1990,2023,-0.0407550941981409,0.0451099122399436,-0.1088466921808777
5,Prevalence,25,Micronesia (Federated States of),3,Both,159,10-24 years,630,Low back pain,3,Rate,1990,2023,0.058740373905333,0.1525526114832545,-0.0267051169623923
5,Prevalence,44,Bosnia and Herzegovina,3,Both,159,10-24 years,630,Low back pain,3,Rate,1990,2023,0.0718957529722758,0.1645165199542901,-0.0102684592022643
5,Prevalence,77,Cyprus,3,Both,159,10-24 years,630,Low back pain,3,Rate,1990,2023,-0.0182722782758506,0.0590573452445242,-0.0911178867367817
5,Prevalence,152,Saudi Arabia,3,Both,159,10-24 years,630,Low back pain,3,Rate,1990,2023,0.0342770321840934,0.1190194525382266,-0.0423082110194816
5,Prevalence,126,Costa Rica,3,Both,159,10-24 years,630,Low back pain,3,Rate,1990,2023,-0.0320974644421988,0.0491868162614209,-0.0993665242465167
5,Prevalence,117,Saint Vincent and the Grenadines,3,Both,159,10-24 years,630,Low back pain,3,Rate,1990,2023,-0.0049152506462396,0.0724730193765063,-0.0827912069131762
5,Prevalence,125,Colombia,3,Both,159,10-24 years,630,Low back pain,3,Rate,1990,2023,0.0707141019255648,0.1732903776010751,-0.0116879737781326
5,Prevalence,115,Jamaica,3,Both,159,10-24 years,630,Low back pain,3,Rate,1990,2023,0.021926993100498,0.0952684986296813,-0.050932821527704
5,Prevalence,14,Maldives,3,Both,159,10-24 years,630,Low back pain,3,Rate,1990,2023,-0.0164553971529734,0.0672114352652565,-0.0957815204562837
5,Prevalence,148,Morocco,3,Both,159,10-24 years,630,Low back pain,3,Rate,1990,2023,0.0093443520216075,0.0948592326290237,-0.0797528518295721
5,Prevalence,82,Greece,3,Both,159,10-24 years,630,Low back pain,3,Rate,1990,2023,-0.0314620598793401,0.0547934626720033,-0.1063233638555738
5,Prevalence,40,Turkmenistan,3,Both,159,10-24 years,630,Low back pain,3,Rate,1990,2023,-0.0382539124879257,0.0385635641019594,-0.0970125386713579
5,Prevalence,123,Peru,3,Both,159,10-24 years,630,Low back pain,3,Rate,1990,2023,0.0263455718594169,0.1183625622918074,-0.0517854869893721
5,Prevalence,108,Belize,3,Both,159,10-24 years,630,Low back pain,3,Rate,1990,2023,0.0095227180293633,0.0979321852227143,-0.0740188319496176
5,Prevalence,89,Netherlands,3,Both,159,10-24 years,630,Low back pain,3,Rate,1990,2023,-0.0723098104907168,-0.0031681935083659,-0.1348292299777146
5,Prevalence,52,Romania,3,Both,159,10-24 years,630,Low back pain,3,Rate,1990,2023,-0.0653035071874645,0.0053626282891887,-0.1250124547948717
5,Prevalence,85,Israel,3,Both,159,10-24 years,630,Low back pain,3,Rate,1990,2023,-0.0390251380164916,0.0324644378490375,-0.1174970578714068
5,Prevalence,165,Pakistan,3,Both,159,10-24 years,630,Low back pain,3,Rate,1990,2023,0.1153859147653568,0.168823417568736,0.0617172029425568
5,Prevalence,71,Australia,3,Both,159,10-24 years,630,Low back pain,3,Rate,1990,2023,-0.1954173588963194,-0.1028651913659165,-0.281350339977763
5,Prevalence,97,Argentina,3,Both,159,10-24 years,630,Low back pain,3,Rate,1990,2023,-0.0139751423816678,0.0618699754760074,-0.0958792639636759
5,Prevalence,141,Egypt,3,Both,159,10-24 years,630,Low back pain,3,Rate,1990,2023,0.0050267280169504,0.0815433394801705,-0.0624489706540737
5,Prevalence,146,Lebanon,3,Both,159,10-24 years,630,Low back pain,3,Rate,1990,2023,-0.0195256892446555,0.0511267744027655,-0.0893496544239693
5,Prevalence,45,Bulgaria,3,Both,159,10-24 years,630,Low back pain,3,Rate,1990,2023,-0.0396021840527533,0.0410080657972663,-0.1114025254627946
5,Prevalence,26,Papua New Guinea,3,Both,159,10-24 years,630,Low back pain,3,Rate,1990,2023,-0.0037032513476222,0.0736877529453955,-0.0732770844259315
5,Prevalence,153,Syrian Arab Republic,3,Both,159,10-24 years,630,Low back pain,3,Rate,1990,2023,0.0136843455632659,0.1072315906643274,-0.0715784571866114
5,Prevalence,59,Latvia,3,Both,159,10-24 years,630,Low back pain,3,Rate,1990,2023,-0.0051257526880647,0.0835906306201057,-0.0766316602177009
5,Prevalence,78,Denmark,3,Both,159,10-24 years,630,Low back pain,3,Rate,1990,2023,-0.0563215815273454,0.0691456833163366,-0.1526391659023039
5,Prevalence,116,Saint Lucia,3,Both,159,10-24 years,630,Low back pain,3,Rate,1990,2023,-0.0174250690571213,0.0621986704952877,-0.0920980534323581
5,Prevalence,135,Brazil,3,Both,159,10-24 years,630,Low back pain,3,Rate,1990,2023,0.118917402825528,0.1507683810887528,0.0803339745255076
5,Prevalence,127,El Salvador,3,Both,159,10-24 years,630,Low back pain,3,Rate,1990,2023,0.0309830459759926,0.1071164756872402,-0.0600286303918366
5,Prevalence,154,Tunisia,3,Both,159,10-24 years,630,Low back pain,3,Rate,1990,2023,0.0300771736547185,0.116687851600511,-0.0447805319555305
5,Prevalence,149,Palestine,3,Both,159,10-24 years,630,Low back pain,3,Rate,1990,2023,-0.0306499074580084,0.0429156460263288,-0.0949546829605773
5,Prevalence,142,Iran (Islamic Republic of),3,Both,159,10-24 years,630,Low back pain,3,Rate,1990,2023,-0.047216289738395,-0.0233429797508032,-0.0748869493104021
5,Prevalence,109,Cuba,3,Both,159,10-24 years,630,Low back pain,3,Rate,1990,2023,-0.0604423243896145,0.0228428469655753,-0.1283693751869772
5,Prevalence,90,Norway,3,Both,159,10-24 years,630,Low back pain,3,Rate,1990,2023,-0.1123700292979257,-0.0841711197447683,-0.1420497262841311
5,Prevalence,128,Guatemala,3,Both,159,10-24 years,630,Low back pain,3,Rate,1990,2023,-0.0012242711409302,0.1081328824787677,-0.085397114487403
5,Prevalence,150,Oman,3,Both,159,10-24 years,630,Low back pain,3,Rate,1990,2023,-0.0096658105377735,0.0686338948716956,-0.0776376294356118
5,Prevalence,119,Trinidad and Tobago,3,Both,159,10-24 years,630,Low back pain,3,Rate,1990,2023,-0.0091365646371476,0.0765191481647893,-0.0814897841577654
5,Prevalence,129,Honduras,3,Both,159,10-24 years,630,Low back pain,3,Rate,1990,2023,0.0534228093163726,0.133891747027281,-0.0272119861913442
5,Prevalence,189,United Republic of Tanzania,3,Both,159,10-24 years,630,Low back pain,3,Rate,1990,2023,-0.0540665321937282,0.0077214544098111,-0.1197555225866383
5,Prevalence,66,Brunei Darussalam,3,Both,159,10-24 years,630,Low back pain,3,Rate,1990,2023,-0.0471854293453429,0.016615979182665,-0.120602607697996
5,Prevalence,191,Zambia,3,Both,159,10-24 years,630,Low back pain,3,Rate,1990,2023,0.084417681583597,0.1745701864964322,0.0048519840556856
5,Prevalence,193,Botswana,3,Both,159,10-24 years,630,Low back pain,3,Rate,1990,2023,0.0035892975415152,0.0903929652904679,-0.070917364688103
5,Prevalence,212,Mauritania,3,Both,159,10-24 years,630,Low back pain,3,Rate,1990,2023,-0.0210213790403342,0.0507962802734862,-0.0901444834699931
5,Prevalence,213,Niger,3,Both,159,10-24 years,630,Low back pain,3,Rate,1990,2023,0.0138533321668351,0.0800298805567974,-0.0525574040268977
5,Prevalence,157,Yemen,3,Both,159,10-24 years,630,Low back pain,3,Rate,1990,2023,-0.0117518788293135,0.0704153504900657,-0.0846176338294478
5,Prevalence,169,Central African Republic,3,Both,159,10-24 years,630,Low back pain,3,Rate,1990,2023,-0.0422583464945489,0.0339728917881725,-0.1073898214527266
5,Prevalence,136,Paraguay,3,Both,159,10-24 years,630,Low back pain,3,Rate,1990,2023,0.05562487125871,0.1368207384345381,-0.0299330452747716
5,Prevalence,185,Rwanda,3,Both,159,10-24 years,630,Low back pain,3,Rate,1990,2023,-0.0407267069796804,0.0285266300831072,-0.1126997109288844
5,Prevalence,11,Indonesia,3,Both,159,10-24 years,630,Low back pain,3,Rate,1990,2023,-0.0079226338970595,0.018847904019424,-0.0394159603053129
5,Prevalence,214,Nigeria,3,Both,159,10-24 years,630,Low back pain,3,Rate,1990,2023,-0.0699087553611873,-0.0546823277579086,-0.084610615914205
5,Prevalence,186,Seychelles,3,Both,159,10-24 years,630,Low back pain,3,Rate,1990,2023,-0.0657625864541442,0.0013087994592767,-0.1231488278184772
5,Prevalence,187,Somalia,3,Both,159,10-24 years,630,Low back pain,3,Rate,1990,2023,0.0289824717590305,0.1211124926468331,-0.0609193009708124
5,Prevalence,181,Madagascar,3,Both,159,10-24 years,630,Low back pain,3,Rate,1990,2023,-0.06393270792881,0.0037663641361178,-0.1358143041768873
5,Prevalence,198,Zimbabwe,3,Both,159,10-24 years,630,Low back pain,3,Rate,1990,2023,0.0719891463866848,0.1726133282696738,-0.0122530490992721
5,Prevalence,49,North Macedonia,3,Both,159,10-24 years,630,Low back pain,3,Rate,1990,2023,0.0006034416276371,0.0716537085794862,-0.0724571876437594
5,Prevalence,201,Burkina Faso,3,Both,159,10-24 years,630,Low back pain,3,Rate,1990,2023,0.0311965279616798,0.1024239799101758,-0.0592932058680421
5,Prevalence,205,Côte d'Ivoire,3,Both,159,10-24 years,630,Low back pain,3,Rate,1990,2023,-0.0546911610984655,0.0245425546899725,-0.1347705581972371
5,Prevalence,206,Gambia,3,Both,159,10-24 years,630,Low back pain,3,Rate,1990,2023,-0.046250173496704,0.0309968736561817,-0.1047267364715412
5,Prevalence,178,Eritrea,3,Both,159,10-24 years,630,Low back pain,3,Rate,1990,2023,0.0268546755683505,0.1006116831848783,-0.0557022207842601
5,Prevalence,23,Kiribati,3,Both,159,10-24 years,630,Low back pain,3,Rate,1990,2023,0.0146977945674181,0.0991019489963414,-0.0673427497331717
5,Prevalence,35,Georgia,3,Both,159,10-24 years,630,Low back pain,3,Rate,1990,2023,-0.0219592717497675,0.0661494560505331,-0.1028523628247387
5,Prevalence,200,Benin,3,Both,159,10-24 years,630,Low back pain,3,Rate,1990,2023,-0.0473190391536206,0.0282340929147125,-0.1192891130818905
5,Prevalence,75,Austria,3,Both,159,10-24 years,630,Low back pain,3,Rate,1990,2023,-0.0678873182681047,0.0185554907174015,-0.1408480466678604
5,Prevalence,155,Türkiye,3,Both,159,10-24 years,630,Low back pain,3,Rate,1990,2023,0.0041266798883347,0.1324065480396739,-0.1018450523320888
5,Prevalence,207,Ghana,3,Both,159,10-24 years,630,Low back pain,3,Rate,1990,2023,0.0047468963821084,0.0980949592425566,-0.0719894465387599
5,Prevalence,30,Vanuatu,3,Both,159,10-24 years,630,Low back pain,3,Rate,1990,2023,0.0212481216703053,0.0954070379789664,-0.0487697165700201
5,Prevalence,61,Republic of Moldova,3,Both,159,10-24 years,630,Low back pain,3,Rate,1990,2023,-0.0245524997036777,0.0496848400738844,-0.0900299996422653
5,Prevalence,139,Algeria,3,Both,159,10-24 years,630,Low back pain,3,Rate,1990,2023,-0.0270166494752793,0.0452239028636401,-0.1017176860153576
5,Prevalence,68,Republic of Korea,3,Both,159,10-24 years,630,Low back pain,3,Rate,1990,2023,-0.0621381413456275,0.0180791868070275,-0.1275763261372857
5,Prevalence,28,Solomon Islands,3,Both,159,10-24 years,630,Low back pain,3,Rate,1990,2023,0.0915146163029151,0.173221654393308,0.0052592383196837
5,Prevalence,16,Philippines,3,Both,159,10-24 years,630,Low back pain,3,Rate,1990,2023,-0.0572894646411723,-0.0362992904210638,-0.0736808075384164
5,Prevalence,183,Mauritius,3,Both,159,10-24 years,630,Low back pain,3,Rate,1990,2023,-0.0427714197832458,0.0499732147570758,-0.1284970464713464
5,Prevalence,33,Armenia,3,Both,159,10-24 years,630,Low back pain,3,Rate,1990,2023,-0.0252585291985264,0.0467986469650931,-0.1072097193751204
5,Prevalence,94,Switzerland,3,Both,159,10-24 years,630,Low back pain,3,Rate,1990,2023,-0.2398568021846542,-0.1487945944015102,-0.3319161670603442
5,Prevalence,171,Democratic Republic of the Congo,3,Both,159,10-24 years,630,Low back pain,3,Rate,1990,2023,-0.0542715679993355,0.0159696177686781,-0.1166740127061124
5,Prevalence,203,Cabo Verde,3,Both,159,10-24 years,630,Low back pain,3,Rate,1990,2023,-0.0440074308940531,0.0343077348589223,-0.1103366802764702
5,Prevalence,175,Burundi,3,Both,159,10-24 years,630,Low back pain,3,Rate,1990,2023,-0.0468001160312763,0.0360562313381333,-0.1215267997302238
5,Prevalence,179,Ethiopia,3,Both,159,10-24 years,630,Low back pain,3,Rate,1990,2023,-0.0519824603420406,-0.0132056437659183,-0.0943624683269009
5,Prevalence,172,Equatorial Guinea,3,Both,159,10-24 years,630,Low back pain,3,Rate,1990,2023,-0.0670082769167777,0.0068397553715188,-0.1347830248512467
5,Prevalence,54,Slovakia,3,Both,159,10-24 years,630,Low back pain,3,Rate,1990,2023,-0.0104605645959525,0.0710281059953824,-0.0838074189906128
5,Prevalence,47,Czechia,3,Both,159,10-24 years,630,Low back pain,3,Rate,1990,2023,-0.0042500242440451,0.0795432355000834,-0.0944948792621644
5,Prevalence,87,Luxembourg,3,Both,159,10-24 years,630,Low back pain,3,Rate,1990,2023,-0.0560059844247941,0.0149907972106376,-0.1216236855815336
5,Prevalence,80,France,3,Both,159,10-24 years,630,Low back pain,3,Rate,1990,2023,-0.0955988202417279,-0.0017666283631775,-0.1606850245830642
5,Prevalence,99,Uruguay,3,Both,159,10-24 years,630,Low back pain,3,Rate,1990,2023,0.0495288644725656,0.1420241032364698,-0.0273092063796431
5,Prevalence,106,Bahamas,3,Both,159,10-24 years,630,Low back pain,3,Rate,1990,2023,-0.0071334627266972,0.0759567972027212,-0.092156256319729
5,Prevalence,92,Spain,3,Both,159,10-24 years,630,Low back pain,3,Rate,1990,2023,-0.1137331623900694,-0.0104931760624406,-0.2312604300431908
5,Prevalence,180,Kenya,3,Both,159,10-24 years,630,Low back pain,3,Rate,1990,2023,-0.0093758706973441,0.0108071496708573,-0.0261052157435168
5,Prevalence,132,Panama,3,Both,159,10-24 years,630,Low back pain,3,Rate,1990,2023,-0.0133433154393563,0.063733378245956,-0.0797501796174824
5,Prevalence,173,Gabon,3,Both,159,10-24 years,630,Low back pain,3,Rate,1990,2023,-0.0146486184368156,0.0508897698902575,-0.0894378056782166
5,Prevalence,113,Guyana,3,Both,159,10-24 years,630,Low back pain,3,Rate,1990,2023,-0.0495053346957208,0.0325946223036793,-0.1170638507224483
5,Prevalence,144,Jordan,3,Both,159,10-24 years,630,Low back pain,3,Rate,1990,2023,-0.0030329642660832,0.0801537462106093,-0.0682066701278976
5,Prevalence,118,Suriname,3,Both,159,10-24 years,630,Low back pain,3,Rate,1990,2023,-0.011003835770561,0.0667739405257218,-0.0821024264706465
5,Prevalence,168,Angola,3,Both,159,10-24 years,630,Low back pain,3,Rate,1990,2023,-0.0803428767559943,0.0012538981725458,-0.1438345525769032
5,Prevalence,177,Djibouti,3,Both,159,10-24 years,630,Low back pain,3,Rate,1990,2023,-0.0722539431286721,-0.0005557263548221,-0.1351946590819414
5,Prevalence,111,Dominican Republic,3,Both,159,10-24 years,630,Low back pain,3,Rate,1990,2023,0.0192344500051555,0.1119182775638244,-0.0611512914809852
5,Prevalence,215,Sao Tome and Principe,3,Both,159,10-24 years,630,Low back pain,3,Rate,1990,2023,-0.0071328015574037,0.0694134667269942,-0.0707015736003947
5,Prevalence,151,Qatar,3,Both,159,10-24 years,630,Low back pain,3,Rate,1990,2023,0.0223338341420758,0.1103505753763865,-0.0463541113038433
5,Prevalence,190,Uganda,3,Both,159,10-24 years,630,Low back pain,3,Rate,1990,2023,-0.0667955143569427,0.0137179902441615,-0.1276889170042821
5,Prevalence,130,Mexico,3,Both,159,10-24 years,630,Low back pain,3,Rate,1990,2023,-0.0074385349718762,0.029384226977778,-0.0424413195182892
5,Prevalence,170,Congo,3,Both,159,10-24 years,630,Low back pain,3,Rate,1990,2023,-0.0261065856114429,0.0524322636172994,-0.1070257976713721
5,Prevalence,208,Guinea,3,Both,159,10-24 years,630,Low back pain,3,Rate,1990,2023,-0.0277015422472241,0.0415112778198413,-0.0905493036994697
5,Prevalence,210,Liberia,3,Both,159,10-24 years,630,Low back pain,3,Rate,1990,2023,-0.0401189874410381,0.0380189300860384,-0.1159923911192906
5,Prevalence,202,Cameroon,3,Both,159,10-24 years,630,Low back pain,3,Rate,1990,2023,-0.0663018569056207,0.0186743438619143,-0.1453060136408732
5,Prevalence,194,Lesotho,3,Both,159,10-24 years,630,Low back pain,3,Rate,1990,2023,-0.0038679763327963,0.0877566565364074,-0.0895133301683276
5,Prevalence,156,United Arab Emirates,3,Both,159,10-24 years,630,Low back pain,3,Rate,1990,2023,0.0227916911141717,0.0980089732443025,-0.0574137472578323
5,Prevalence,217,Sierra Leone,3,Both,159,10-24 years,630,Low back pain,3,Rate,1990,2023,-0.0592128293018804,0.0104800969960113,-0.1199094044113032
5,Prevalence,204,Chad,3,Both,159,10-24 years,630,Low back pain,3,Rate,1990,2023,-0.1047579832687943,-0.0092182153342502,-0.1798760301114804
5,Prevalence,182,Malawi,3,Both,159,10-24 years,630,Low back pain,3,Rate,1990,2023,-0.0313997996464881,0.0604528119704487,-0.1017644609783359
5,Prevalence,160,Afghanistan,3,Both,159,10-24 years,630,Low back pain,3,Rate,1990,2023,-0.0046734698547405,0.077924280415088,-0.0890676634314283
5,Prevalence,196,South Africa,3,Both,159,10-24 years,630,Low back pain,3,Rate,1990,2023,-0.0314446009472996,0.0014500238524637,-0.0713993814561926
5,Prevalence,184,Mozambique,3,Both,159,10-24 years,630,Low back pain,3,Rate,1990,2023,-0.0175248199223202,0.0555035162310173,-0.085020507337446
5,Prevalence,162,Bhutan,3,Both,159,10-24 years,630,Low back pain,3,Rate,1990,2023,0.0204854845596952,0.0983030304314306,-0.0673000477112328
5,Prevalence,7,Democratic People's Republic of Korea,3,Both,159,10-24 years,630,Low back pain,3,Rate,1990,2023,-0.0488533981709203,0.0238146461608766,-0.113164022303436
5,Prevalence,298,American Samoa,3,Both,159,10-24 years,630,Low back pain,3,Rate,1990,2023,-0.0672761889693944,0.0109842651434033,-0.1414968567233226
5,Prevalence,380,Palau,3,Both,159,10-24 years,630,Low back pain,3,Rate,1990,2023,-0.0006619962413299,0.0818051720577914,-0.0779921670081082
5,Prevalence,396,San Marino,3,Both,159,10-24 years,630,Low back pain,3,Rate,1990,2023,-0.0649415608003054,0.0067287565598988,-0.1248501726988172
5,Prevalence,374,Niue,3,Both,159,10-24 years,630,Low back pain,3,Rate,1990,2023,0.0337378207252977,0.10884651312278,-0.0438835223506109
5,Prevalence,367,Monaco,3,Both,159,10-24 years,630,Low back pain,3,Rate,1990,2023,-0.0727444471256953,-0.001234690875991,-0.1545232191552552
5,Prevalence,435,South Sudan,3,Both,159,10-24 years,630,Low back pain,3,Rate,1990,2023,-0.0315612185190333,0.030248435379922,-0.1007578847935012
5,Prevalence,416,Tuvalu,3,Both,159,10-24 years,630,Low back pain,3,Rate,1990,2023,-0.0200248120935799,0.056601843148971,-0.0901177865045169
5,Prevalence,351,Guam,3,Both,159,10-24 years,630,Low back pain,3,Rate,1990,2023,-0.0420309898670162,0.034584953498276,-0.1121907476985165
5,Prevalence,320,Cook Islands,3,Both,159,10-24 years,630,Low back pain,3,Rate,1990,2023,-0.0188533566522958,0.0565447823537869,-0.093746974993996
5,Prevalence,522,Sudan,3,Both,159,10-24 years,630,Low back pain,3,Rate,1990,2023,0.0018328679054248,0.0827172136562496,-0.0843852804769764
5,Prevalence,218,Togo,3,Both,159,10-24 years,630,Low back pain,3,Rate,1990,2023,-0.0715119653127678,-0.0041369361721611,-0.140487635037724
5,Prevalence,211,Mali,3,Both,159,10-24 years,630,Low back pain,3,Rate,1990,2023,0.0362132083260943,0.1215479662042126,-0.0486820672218647
5,Prevalence,216,Senegal,3,Both,159,10-24 years,630,Low back pain,3,Rate,1990,2023,-0.0370113804819009,0.0366599266293532,-0.1126889603843263
5,Prevalence,385,Puerto Rico,3,Both,159,10-24 years,630,Low back pain,3,Rate,1990,2023,0.0077563401584837,0.0877714803735241,-0.0681562821095523
5,Prevalence,197,Eswatini,3,Both,159,10-24 years,630,Low back pain,3,Rate,1990,2023,0.0009788408827828,0.0887791647206212,-0.0745862346337159
5,Prevalence,209,Guinea-Bissau,3,Both,159,10-24 years,630,Low back pain,3,Rate,1990,2023,-0.0280033208482508,0.046043425755033,-0.0974295797808587
5,Prevalence,163,India,3,Both,159,10-24 years,630,Low back pain,3,Rate,1990,2023,-0.138688235928385,-0.1198047404015939,-0.1585229169077104
5,Prevalence,161,Bangladesh,3,Both,159,10-24 years,630,Low back pain,3,Rate,1990,2023,-0.0771883399977814,0.0120361906752654,-0.1599085396058943
5,Prevalence,195,Namibia,3,Both,159,10-24 years,630,Low back pain,3,Rate,1990,2023,-0.0020951822557752,0.0894669167507706,-0.0892972966834178
5,Prevalence,369,Nauru,3,Both,159,10-24 years,630,Low back pain,3,Rate,1990,2023,-0.003601048604656,0.0789208588961765,-0.0759515275773313
5,Prevalence,305,Bermuda,3,Both,159,10-24 years,630,Low back pain,3,Rate,1990,2023,-0.0530966233543924,0.0332102520421424,-0.1283950442948734
5,Prevalence,413,Tokelau,3,Both,159,10-24 years,630,Low back pain,3,Rate,1990,2023,0.0029742065918459,0.0794379849342394,-0.0605692746271518
5,Prevalence,349,Greenland,3,Both,159,10-24 years,630,Low back pain,3,Rate,1990,2023,-0.1194692637204528,-0.0411750886219954,-0.1998909257333167
5,Prevalence,376,Northern Mariana Islands,3,Both,159,10-24 years,630,Low back pain,3,Rate,1990,2023,-0.1162017207452263,-0.0354126443995841,-0.1793926941809384
5,Prevalence,422,United States Virgin Islands,3,Both,159,10-24 years,630,Low back pain,3,Rate,1990,2023,0.0069138860349549,0.0923380288350787,-0.0659481625695668
5,Prevalence,393,Saint Kitts and Nevis,3,Both,159,10-24 years,630,Low back pain,3,Rate,1990,2023,0.0052172538808958,0.0919394515945291,-0.072951729955794
6,Incidence,11,Indonesia,3,Both,159,10-24 years,630,Low back pain,3,Rate,1990,2023,-0.0181556490803026,0.0094702687737653,-0.0491217998894683
6,Incidence,16,Philippines,3,Both,159,10-24 years,630,Low back pain,3,Rate,1990,2023,-0.0581781474574147,-0.0395028901634537,-0.0753375085372041
6,Incidence,8,Taiwan,3,Both,159,10-24 years,630,Low back pain,3,Rate,1990,2023,0.0646258222330415,0.3147754829899509,-0.1464267949115769
6,Incidence,24,Marshall Islands,3,Both,159,10-24 years,630,Low back pain,3,Rate,1990,2023,-0.0023284825182923,0.0704228596650969,-0.0768311597478163
6,Incidence,40,Turkmenistan,3,Both,159,10-24 years,630,Low back pain,3,Rate,1990,2023,-0.0329996438647304,0.0416823797394856,-0.0955722408095858
6,Incidence,43,Albania,3,Both,159,10-24 years,630,Low back pain,3,Rate,1990,2023,-1.13177587768e-05,0.0591162765014313,-0.0567685496847652
6,Incidence,14,Maldives,3,Both,159,10-24 years,630,Low back pain,3,Rate,1990,2023,-0.0318950484703877,0.0524072974052601,-0.1080801073013189
6,Incidence,27,Samoa,3,Both,159,10-24 years,630,Low back pain,3,Rate,1990,2023,-0.0549194711468817,-0.0007094288100247,-0.1050519807794582
6,Incidence,35,Georgia,3,Both,159,10-24 years,630,Low back pain,3,Rate,1990,2023,-0.0089391209650641,0.0642991520317124,-0.0785834219226382
6,Incidence,48,Hungary,3,Both,159,10-24 years,630,Low back pain,3,Rate,1990,2023,-0.0785513156050347,0.0039431941850768,-0.156862002658572
6,Incidence,80,France,3,Both,159,10-24 years,630,Low back pain,3,Rate,1990,2023,-0.0853444334142555,-0.0030747227547618,-0.1475514868396776
6,Incidence,88,Malta,3,Both,159,10-24 years,630,Low back pain,3,Rate,1990,2023,-0.0351768212354679,0.037617813965137,-0.1022364426027168
6,Incidence,19,Timor-Leste,3,Both,159,10-24 years,630,Low back pain,3,Rate,1990,2023,-0.0502723164136779,0.0120545216215917,-0.111666061640666
6,Incidence,72,New Zealand,3,Both,159,10-24 years,630,Low back pain,3,Rate,1990,2023,-0.0961283258855202,-0.0505977222760151,-0.1397206913938193
6,Incidence,22,Fiji,3,Both,159,10-24 years,630,Low back pain,3,Rate,1990,2023,-0.042843489393443,0.0183810297070787,-0.1086775360678515
6,Incidence,75,Austria,3,Both,159,10-24 years,630,Low back pain,3,Rate,1990,2023,-0.067142209425666,0.0081735846561816,-0.1333095664298974
6,Incidence,6,China,3,Both,159,10-24 years,630,Low back pain,3,Rate,1990,2023,-0.0437093413223964,0.0240353304322741,-0.1040123468912912
6,Incidence,91,Portugal,3,Both,159,10-24 years,630,Low back pain,3,Rate,1990,2023,-0.0260069975860454,0.0455808346662574,-0.0998441499036764
6,Incidence,46,Croatia,3,Both,159,10-24 years,630,Low back pain,3,Rate,1990,2023,-0.0182868022617413,0.0593867314772272,-0.0935532848942445
6,Incidence,38,Mongolia,3,Both,159,10-24 years,630,Low back pain,3,Rate,1990,2023,-0.0501649877721422,0.0178430986266431,-0.1086302723296433
6,Incidence,30,Vanuatu,3,Both,159,10-24 years,630,Low back pain,3,Rate,1990,2023,0.0103504292464368,0.0756590033270735,-0.0564648388179084
6,Incidence,54,Slovakia,3,Both,159,10-24 years,630,Low back pain,3,Rate,1990,2023,-0.0155003612331959,0.0596679750099611,-0.0897195573696605
6,Incidence,67,Japan,3,Both,159,10-24 years,630,Low back pain,3,Rate,1990,2023,-0.0964668742165169,-0.0795936878697784,-0.1143312991607783
6,Incidence,112,Grenada,3,Both,159,10-24 years,630,Low back pain,3,Rate,1990,2023,-0.0160196320412846,0.0559559782022729,-0.0772692668700363
6,Incidence,17,Sri Lanka,3,Both,159,10-24 years,630,Low back pain,3,Rate,1990,2023,0.0406990149807369,0.1231077716814456,-0.044793991520095
6,Incidence,33,Armenia,3,Both,159,10-24 years,630,Low back pain,3,Rate,1990,2023,-0.021305286327242,0.0517509041946422,-0.0784329390612339
6,Incidence,51,Poland,3,Both,159,10-24 years,630,Low back pain,3,Rate,1990,2023,-0.0073951893714551,0.0149876130787208,-0.0300370439615906
6,Incidence,25,Micronesia (Federated States of),3,Both,159,10-24 years,630,Low back pain,3,Rate,1990,2023,0.038012403091223,0.1209717741989262,-0.0404937635472451
6,Incidence,41,Uzbekistan,3,Both,159,10-24 years,630,Low back pain,3,Rate,1990,2023,-0.0211347570308493,0.0482726272882353,-0.0861366012771878
6,Incidence,83,Iceland,3,Both,159,10-24 years,630,Low back pain,3,Rate,1990,2023,-0.0791015480253911,-0.0145968047619183,-0.1363301618344218
6,Incidence,59,Latvia,3,Both,159,10-24 years,630,Low back pain,3,Rate,1990,2023,-0.0017959790532768,0.0852921820670655,-0.0694951643406911
6,Incidence,86,Italy,3,Both,159,10-24 years,630,Low back pain,3,Rate,1990,2023,-0.0730393947987076,-0.0534230164086291,-0.0913471694572607
6,Incidence,78,Denmark,3,Both,159,10-24 years,630,Low back pain,3,Rate,1990,2023,-0.0689393665364357,0.0565129692487953,-0.2026918939097694
6,Incidence,99,Uruguay,3,Both,159,10-24 years,630,Low back pain,3,Rate,1990,2023,0.0276033549926962,0.106589064195335,-0.0536236776302056
6,Incidence,57,Belarus,3,Both,159,10-24 years,630,Low back pain,3,Rate,1990,2023,-0.0169442445542678,0.0486954259279495,-0.0790818024393933
6,Incidence,81,Germany,3,Both,159,10-24 years,630,Low back pain,3,Rate,1990,2023,-0.0970860784652348,-0.0207877703838768,-0.1538259164041962
6,Incidence,102,United States of America,3,Both,159,10-24 years,630,Low back pain,3,Rate,1990,2023,-0.1013833140607922,-0.0036841143264239,-0.1848848967207239
6,Incidence,12,Lao People's Democratic Republic,3,Both,159,10-24 years,630,Low back pain,3,Rate,1990,2023,-0.0567771316199909,0.0168646220271558,-0.1236298912976338
6,Incidence,110,Dominica,3,Both,159,10-24 years,630,Low back pain,3,Rate,1990,2023,-0.0077057989301807,0.0669250534354615,-0.0710638769976295
6,Incidence,105,Antigua and Barbuda,3,Both,159,10-24 years,630,Low back pain,3,Rate,1990,2023,-0.0013060423156692,0.0579944877391598,-0.0679374371553934
6,Incidence,62,Russian Federation,3,Both,159,10-24 years,630,Low back pain,3,Rate,1990,2023,0.0006566775397281,0.0120308685063028,-0.011451529913743
6,Incidence,15,Myanmar,3,Both,159,10-24 years,630,Low back pain,3,Rate,1990,2023,0.0013763205782794,0.0887986610419801,-0.0676665300449246
6,Incidence,49,North Macedonia,3,Both,159,10-24 years,630,Low back pain,3,Rate,1990,2023,-0.0001597626145355,0.0660433389479369,-0.0537139811673029
6,Incidence,107,Barbados,3,Both,159,10-24 years,630,Low back pain,3,Rate,1990,2023,-0.0148428208365387,0.0467781962914533,-0.0797692368633637
6,Incidence,89,Netherlands,3,Both,159,10-24 years,630,Low back pain,3,Rate,1990,2023,-0.0700347730935986,-0.0094771757845284,-0.1405392089161176
6,Incidence,97,Argentina,3,Both,159,10-24 years,630,Low back pain,3,Rate,1990,2023,-0.0292659202640739,0.0416152823021293,-0.0866019567878942
6,Incidence,28,Solomon Islands,3,Both,159,10-24 years,630,Low back pain,3,Rate,1990,2023,0.0690883330987409,0.1405109436223016,0.0013775776031358
6,Incidence,113,Guyana,3,Both,159,10-24 years,630,Low back pain,3,Rate,1990,2023,-0.0581646151840439,0.0192628607425082,-0.123799557485094
6,Incidence,26,Papua New Guinea,3,Both,159,10-24 years,630,Low back pain,3,Rate,1990,2023,-0.0035083995240575,0.0574363701913149,-0.0885217558889961
6,Incidence,10,Cambodia,3,Both,159,10-24 years,630,Low back pain,3,Rate,1990,2023,-0.0678006224685554,0.004865089733277,-0.1331493771667444
6,Incidence,18,Thailand,3,Both,159,10-24 years,630,Low back pain,3,Rate,1990,2023,0.0171878168081616,0.1254527898931698,-0.0632581564850087
6,Incidence,82,Greece,3,Both,159,10-24 years,630,Low back pain,3,Rate,1990,2023,-0.0380655749885611,0.025537032865566,-0.1024152498254163
6,Incidence,74,Andorra,3,Both,159,10-24 years,630,Low back pain,3,Rate,1990,2023,-0.0483969778983999,0.0186199873578093,-0.1131493627871613
6,Incidence,50,Montenegro,3,Both,159,10-24 years,630,Low back pain,3,Rate,1990,2023,0.001180292733566,0.068438170988792,-0.0624781318715469
6,Incidence,90,Norway,3,Both,159,10-24 years,630,Low back pain,3,Rate,1990,2023,-0.1057851556683304,-0.0726630355619991,-0.1375619145804007
6,Incidence,114,Haiti,3,Both,159,10-24 years,630,Low back pain,3,Rate,1990,2023,-0.0128033607200561,0.0532265725513164,-0.0819666501049763
6,Incidence,136,Paraguay,3,Both,159,10-24 years,630,Low back pain,3,Rate,1990,2023,0.030391705121849,0.1064819400423407,-0.0510094565944765
6,Incidence,126,Costa Rica,3,Both,159,10-24 years,630,Low back pain,3,Rate,1990,2023,-0.0415528294512129,0.0207161576399547,-0.1204767537779475
6,Incidence,118,Suriname,3,Both,159,10-24 years,630,Low back pain,3,Rate,1990,2023,-0.0104799347971041,0.0572328455400013,-0.081724306381231
6,Incidence,115,Jamaica,3,Both,159,10-24 years,630,Low back pain,3,Rate,1990,2023,0.0057557061993039,0.078721802108819,-0.0681747132290222
6,Incidence,128,Guatemala,3,Both,159,10-24 years,630,Low back pain,3,Rate,1990,2023,-0.0292608129360286,0.0673351342882939,-0.1094131623346224
6,Incidence,131,Nicaragua,3,Both,159,10-24 years,630,Low back pain,3,Rate,1990,2023,-0.0152273985100231,0.0537045745382667,-0.088790479848725
6,Incidence,44,Bosnia and Herzegovina,3,Both,159,10-24 years,630,Low back pain,3,Rate,1990,2023,0.058243065220554,0.134110039615253,-0.0152309370510147
6,Incidence,123,Peru,3,Both,159,10-24 years,630,Low back pain,3,Rate,1990,2023,0.0173411244742853,0.0826407837591625,-0.0396260174601888
6,Incidence,129,Honduras,3,Both,159,10-24 years,630,Low back pain,3,Rate,1990,2023,0.0261697592556101,0.1050574907384701,-0.0428651121486642
6,Incidence,71,Australia,3,Both,159,10-24 years,630,Low back pain,3,Rate,1990,2023,-0.1702946128628493,-0.0873708406445147,-0.2490626822546022
6,Incidence,139,Algeria,3,Both,159,10-24 years,630,Low back pain,3,Rate,1990,2023,-0.0166126622667376,0.0617105980288451,-0.0900568471725422
6,Incidence,152,Saudi Arabia,3,Both,159,10-24 years,630,Low back pain,3,Rate,1990,2023,0.0281589441249958,0.0908437889385515,-0.0402406770863071
6,Incidence,130,Mexico,3,Both,159,10-24 years,630,Low back pain,3,Rate,1990,2023,-0.0009760600160762,0.0321185313772174,-0.0380363349470347
6,Incidence,153,Syrian Arab Republic,3,Both,159,10-24 years,630,Low back pain,3,Rate,1990,2023,0.0014729845954174,0.0727048560613938,-0.0664193125458036
6,Incidence,154,Tunisia,3,Both,159,10-24 years,630,Low back pain,3,Rate,1990,2023,0.0266057131099524,0.1034765824870632,-0.0511129998833274
6,Incidence,147,Libya,3,Both,159,10-24 years,630,Low back pain,3,Rate,1990,2023,-0.0045079476966078,0.0565811799794386,-0.0676446003730178
6,Incidence,66,Brunei Darussalam,3,Both,159,10-24 years,630,Low back pain,3,Rate,1990,2023,-0.0570149103073584,0.005485621362966,-0.1216385665640588
6,Incidence,92,Spain,3,Both,159,10-24 years,630,Low back pain,3,Rate,1990,2023,-0.0977480367784812,0.0118878011275884,-0.1951583748947069
6,Incidence,20,Viet Nam,3,Both,159,10-24 years,630,Low back pain,3,Rate,1990,2023,0.0359969967884258,0.1236101382793217,-0.0381013647759158
6,Incidence,36,Kazakhstan,3,Both,159,10-24 years,630,Low back pain,3,Rate,1990,2023,0.0084000757543313,0.0876893981409727,-0.0656105950581825
6,Incidence,23,Kiribati,3,Both,159,10-24 years,630,Low back pain,3,Rate,1990,2023,0.007004955171012,0.0756857012211105,-0.0581382184428345
6,Incidence,7,Democratic People's Republic of Korea,3,Both,159,10-24 years,630,Low back pain,3,Rate,1990,2023,-0.0536356975285345,0.0140881213261132,-0.1145589668416166
6,Incidence,150,Oman,3,Both,159,10-24 years,630,Low back pain,3,Rate,1990,2023,-0.00915229152096,0.049259259538089,-0.0666683512676968
6,Incidence,142,Iran (Islamic Republic of),3,Both,159,10-24 years,630,Low back pain,3,Rate,1990,2023,-0.0441911238922295,-0.0243685583666036,-0.0653048309474548
6,Incidence,94,Switzerland,3,Both,159,10-24 years,630,Low back pain,3,Rate,1990,2023,-0.20126375258327,-0.1127356675811394,-0.283976030956363
6,Incidence,121,Bolivia (Plurinational State of),3,Both,159,10-24 years,630,Low back pain,3,Rate,1990,2023,0.0147347856995689,0.0859577598105781,-0.0538017724120888
6,Incidence,144,Jordan,3,Both,159,10-24 years,630,Low back pain,3,Rate,1990,2023,-0.000406338692818,0.0655138014522023,-0.0688770180039972
6,Incidence,58,Estonia,3,Both,159,10-24 years,630,Low back pain,3,Rate,1990,2023,0.0174318613686412,0.0975585792458913,-0.0585842117222748
6,Incidence,60,Lithuania,3,Both,159,10-24 years,630,Low back pain,3,Rate,1990,2023,-0.0225308301150021,0.0398600442748013,-0.0883552555025498
6,Incidence,55,Slovenia,3,Both,159,10-24 years,630,Low back pain,3,Rate,1990,2023,-0.0008059595805601,0.0799123027836757,-0.0680793902003973
6,Incidence,87,Luxembourg,3,Both,159,10-24 years,630,Low back pain,3,Rate,1990,2023,-0.0553131339957637,0.0164600391657223,-0.1269503770437103
6,Incidence,39,Tajikistan,3,Both,159,10-24 years,630,Low back pain,3,Rate,1990,2023,-0.0483465324653683,0.0306643694416999,-0.103678156966157
6,Incidence,68,Republic of Korea,3,Both,159,10-24 years,630,Low back pain,3,Rate,1990,2023,-0.0687689777868573,-0.0071768037965525,-0.1295719382024272
6,Incidence,145,Kuwait,3,Both,159,10-24 years,630,Low back pain,3,Rate,1990,2023,-0.008036104710992,0.070264320587079,-0.0949179750439186
6,Incidence,84,Ireland,3,Both,159,10-24 years,630,Low back pain,3,Rate,1990,2023,-0.0209129834971783,0.0577117980171781,-0.0826186043779104
6,Incidence,135,Brazil,3,Both,159,10-24 years,630,Low back pain,3,Rate,1990,2023,0.0775998327346455,0.1078510093496597,0.0487620950808793
6,Incidence,29,Tonga,3,Both,159,10-24 years,630,Low back pain,3,Rate,1990,2023,-0.0294361261155594,0.0223279390407581,-0.089737801306123
6,Incidence,47,Czechia,3,Both,159,10-24 years,630,Low back pain,3,Rate,1990,2023,-0.0144696463833399,0.0669204646151538,-0.0906208817938565
6,Incidence,111,Dominican Republic,3,Both,159,10-24 years,630,Low back pain,3,Rate,1990,2023,0.0112953301631658,0.0797703150971666,-0.0565813729868946
6,Incidence,63,Ukraine,3,Both,159,10-24 years,630,Low back pain,3,Rate,1990,2023,-0.0229729967610281,0.0471934875855682,-0.0962339763192057
6,Incidence,155,Türkiye,3,Both,159,10-24 years,630,Low back pain,3,Rate,1990,2023,-0.0105547023096463,0.1083726681647102,-0.1152279463083867
6,Incidence,52,Romania,3,Both,159,10-24 years,630,Low back pain,3,Rate,1990,2023,-0.0524528775399144,0.0166010556617207,-0.1121562509034952
6,Incidence,13,Malaysia,3,Both,159,10-24 years,630,Low back pain,3,Rate,1990,2023,-0.0863649080107099,0.0290998246606036,-0.19533170744326
6,Incidence,34,Azerbaijan,3,Both,159,10-24 years,630,Low back pain,3,Rate,1990,2023,-0.0126534913748434,0.061097645909825,-0.0770465973669657
6,Incidence,101,Canada,3,Both,159,10-24 years,630,Low back pain,3,Rate,1990,2023,-0.1104401168834243,-0.0517742283567097,-0.1704364646456257
6,Incidence,108,Belize,3,Both,159,10-24 years,630,Low back pain,3,Rate,1990,2023,-0.002735750507262,0.0764600793593271,-0.0821567911359022
6,Incidence,106,Bahamas,3,Both,159,10-24 years,630,Low back pain,3,Rate,1990,2023,-0.0121201246621181,0.0668466961453929,-0.079141341332062
6,Incidence,79,Finland,3,Both,159,10-24 years,630,Low back pain,3,Rate,1990,2023,-0.0042918162898085,0.1136254541721093,-0.1025641974696918
6,Incidence,76,Belgium,3,Both,159,10-24 years,630,Low back pain,3,Rate,1990,2023,-0.0444319383041363,0.0299167999211074,-0.1075899108447393
6,Incidence,98,Chile,3,Both,159,10-24 years,630,Low back pain,3,Rate,1990,2023,-0.0575312876879665,0.0025688778369591,-0.1252287344781483
6,Incidence,132,Panama,3,Both,159,10-24 years,630,Low back pain,3,Rate,1990,2023,-0.0244076406951624,0.0612054630785385,-0.0876557526444975
6,Incidence,45,Bulgaria,3,Both,159,10-24 years,630,Low back pain,3,Rate,1990,2023,-0.0303984902487675,0.0342137327617116,-0.0848036594636559
6,Incidence,125,Colombia,3,Both,159,10-24 years,630,Low back pain,3,Rate,1990,2023,0.0363874294489292,0.1238193768097626,-0.0420393873559581
6,Incidence,127,El Salvador,3,Both,159,10-24 years,630,Low back pain,3,Rate,1990,2023,0.0068435851162151,0.0888964152055387,-0.0597676835737792
6,Incidence,146,Lebanon,3,Both,159,10-24 years,630,Low back pain,3,Rate,1990,2023,-0.0106862925573488,0.0720089699673734,-0.0754393693564544
6,Incidence,119,Trinidad and Tobago,3,Both,159,10-24 years,630,Low back pain,3,Rate,1990,2023,-0.0149769501260772,0.0576057241566304,-0.0811814887744977
6,Incidence,140,Bahrain,3,Both,159,10-24 years,630,Low back pain,3,Rate,1990,2023,-0.0190208236617048,0.049899946299677,-0.0832267197944937
6,Incidence,116,Saint Lucia,3,Both,159,10-24 years,630,Low back pain,3,Rate,1990,2023,-0.0287087585116133,0.0356489329460803,-0.0952039435350777
6,Incidence,148,Morocco,3,Both,159,10-24 years,630,Low back pain,3,Rate,1990,2023,-0.0004349219691748,0.0791838406300649,-0.0589087339911815
6,Incidence,151,Qatar,3,Both,159,10-24 years,630,Low back pain,3,Rate,1990,2023,0.0195777075884123,0.0903681884189588,-0.0457383225640211
6,Incidence,93,Sweden,3,Both,159,10-24 years,630,Low back pain,3,Rate,1990,2023,0.1433248940332723,0.3087797655668585,0.0065212634321438
6,Incidence,143,Iraq,3,Both,159,10-24 years,630,Low back pain,3,Rate,1990,2023,-0.0189791265003031,0.0365107917865767,-0.0835910440756816
6,Incidence,69,Singapore,3,Both,159,10-24 years,630,Low back pain,3,Rate,1990,2023,-0.1069258889314024,-0.0274399616932471,-0.1731940599712998
6,Incidence,61,Republic of Moldova,3,Both,159,10-24 years,630,Low back pain,3,Rate,1990,2023,-0.0252179092587911,0.0412099680837175,-0.0856765670471059
6,Incidence,122,Ecuador,3,Both,159,10-24 years,630,Low back pain,3,Rate,1990,2023,-0.0683739374426802,0.0012225795861297,-0.1449668234816121
6,Incidence,95,United Kingdom,3,Both,159,10-24 years,630,Low back pain,3,Rate,1990,2023,-0.1085211609456315,-0.0818375575287271,-0.1346933913451116
6,Incidence,37,Kyrgyzstan,3,Both,159,10-24 years,630,Low back pain,3,Rate,1990,2023,-0.0434328660376223,0.0210960351510264,-0.1085012966023481
6,Incidence,160,Afghanistan,3,Both,159,10-24 years,630,Low back pain,3,Rate,1990,2023,-0.0002415686921074,0.0731945731747333,-0.0729165104955037
6,Incidence,109,Cuba,3,Both,159,10-24 years,630,Low back pain,3,Rate,1990,2023,-0.0483373278527832,0.0149719742549022,-0.1043706612691326
6,Incidence,163,India,3,Both,159,10-24 years,630,Low back pain,3,Rate,1990,2023,-0.1618840701170157,-0.1428707424769892,-0.1809597198832555
6,Incidence,212,Mauritania,3,Both,159,10-24 years,630,Low back pain,3,Rate,1990,2023,-0.0282390436318829,0.0412208537878588,-0.0890833598481743
6,Incidence,168,Angola,3,Both,159,10-24 years,630,Low back pain,3,Rate,1990,2023,-0.073084209267312,-0.0114685903239771,-0.1384311452348584
6,Incidence,435,South Sudan,3,Both,159,10-24 years,630,Low back pain,3,Rate,1990,2023,-0.0333725838221176,0.0303677236912783,-0.0886837062058416
6,Incidence,169,Central African Republic,3,Both,159,10-24 years,630,Low back pain,3,Rate,1990,2023,-0.0381939141259331,0.0258085465069347,-0.0996460829647787
6,Incidence,171,Democratic Republic of the Congo,3,Both,159,10-24 years,630,Low back pain,3,Rate,1990,2023,-0.0533796023447658,0.0028824778768854,-0.1071576318889891
6,Incidence,215,Sao Tome and Principe,3,Both,159,10-24 years,630,Low back pain,3,Rate,1990,2023,-0.0179388998513498,0.0592038821475371,-0.0825572287196393
6,Incidence,351,Guam,3,Both,159,10-24 years,630,Low back pain,3,Rate,1990,2023,-0.0386357888247557,0.0266921127682689,-0.0928181493039713
6,Incidence,170,Congo,3,Both,159,10-24 years,630,Low back pain,3,Rate,1990,2023,-0.0247773765456764,0.0407904733992052,-0.0881077293559658
6,Incidence,422,United States Virgin Islands,3,Both,159,10-24 years,630,Low back pain,3,Rate,1990,2023,-0.0017444906170779,0.0664000923492478,-0.063871731153399
6,Incidence,204,Chad,3,Both,159,10-24 years,630,Low back pain,3,Rate,1990,2023,-0.1034099487762584,-0.0221517399345511,-0.1761996016598279
6,Incidence,196,South Africa,3,Both,159,10-24 years,630,Low back pain,3,Rate,1990,2023,-0.0284877692491381,0.0050424325074503,-0.0588304444053286
6,Incidence,367,Monaco,3,Both,159,10-24 years,630,Low back pain,3,Rate,1990,2023,-0.0647399041736433,0.0122447369535204,-0.1297886474003863
6,Incidence,374,Niue,3,Both,159,10-24 years,630,Low back pain,3,Rate,1990,2023,0.0261904835503895,0.0959173196287108,-0.0291924361603875
6,Incidence,156,United Arab Emirates,3,Both,159,10-24 years,630,Low back pain,3,Rate,1990,2023,0.0268957260839048,0.0995284224591015,-0.042737948865333
6,Incidence,176,Comoros,3,Both,159,10-24 years,630,Low back pain,3,Rate,1990,2023,-0.0228686420112349,0.0462038664360467,-0.0898253303642453
6,Incidence,177,Djibouti,3,Both,159,10-24 years,630,Low back pain,3,Rate,1990,2023,-0.0723081149234295,-0.008993029763954,-0.1430812425787981
6,Incidence,305,Bermuda,3,Both,159,10-24 years,630,Low back pain,3,Rate,1990,2023,-0.0381006742522977,0.02501958466678,-0.1101335332567407
6,Incidence,193,Botswana,3,Both,159,10-24 years,630,Low back pain,3,Rate,1990,2023,-0.0074352039638193,0.0614438552413774,-0.0723135976675642
6,Incidence,207,Ghana,3,Both,159,10-24 years,630,Low back pain,3,Rate,1990,2023,-0.0212347816301695,0.0618084374292961,-0.0954873813435172
6,Incidence,209,Guinea-Bissau,3,Both,159,10-24 years,630,Low back pain,3,Rate,1990,2023,-0.03929760456942,0.022584380596438,-0.1100599888603545
6,Incidence,201,Burkina Faso,3,Both,159,10-24 years,630,Low back pain,3,Rate,1990,2023,0.0172074931757408,0.0935724555733885,-0.0550531515438049
6,Incidence,53,Serbia,3,Both,159,10-24 years,630,Low back pain,3,Rate,1990,2023,-0.0020372513561436,0.0548163135345441,-0.0603542983013914
6,Incidence,178,Eritrea,3,Both,159,10-24 years,630,Low back pain,3,Rate,1990,2023,0.0116132398985601,0.0781202453682795,-0.056614212104068
6,Incidence,133,Venezuela (Bolivarian Republic of),3,Both,159,10-24 years,630,Low back pain,3,Rate,1990,2023,-0.0355832343123272,0.0346313497579644,-0.1060052489277432
6,Incidence,187,Somalia,3,Both,159,10-24 years,630,Low back pain,3,Rate,1990,2023,0.0123942862338189,0.0861047354685401,-0.0568846633609411
6,Incidence,184,Mozambique,3,Both,159,10-24 years,630,Low back pain,3,Rate,1990,2023,-0.0266926256308402,0.0418354735491897,-0.0916921066500444
6,Incidence,179,Ethiopia,3,Both,159,10-24 years,630,Low back pain,3,Rate,1990,2023,-0.0561933256099569,-0.0157123895611793,-0.0893709727526779
6,Incidence,85,Israel,3,Both,159,10-24 years,630,Low back pain,3,Rate,1990,2023,-0.0475632065164619,0.0319624921827147,-0.1240639058712503
6,Incidence,175,Burundi,3,Both,159,10-24 years,630,Low back pain,3,Rate,1990,2023,-0.050368721354871,0.0101858505421326,-0.1025598597753427
6,Incidence,77,Cyprus,3,Both,159,10-24 years,630,Low back pain,3,Rate,1990,2023,-0.0283222750467479,0.0398560553054491,-0.0916867123367169
6,Incidence,210,Liberia,3,Both,159,10-24 years,630,Low back pain,3,Rate,1990,2023,-0.0444359652669726,0.0217747735058312,-0.1017421594840451
6,Incidence,202,Cameroon,3,Both,159,10-24 years,630,Low back pain,3,Rate,1990,2023,-0.0663898801740044,-0.0011093761450095,-0.1267681123082976
6,Incidence,200,Benin,3,Both,159,10-24 years,630,Low back pain,3,Rate,1990,2023,-0.0559820366323441,0.0222378536500895,-0.1224273541152389
6,Incidence,182,Malawi,3,Both,159,10-24 years,630,Low back pain,3,Rate,1990,2023,-0.0373718080198595,0.0321761922035915,-0.1126843349517161
6,Incidence,213,Niger,3,Both,159,10-24 years,630,Low back pain,3,Rate,1990,2023,0.0006431262899857,0.0703401517813134,-0.0610536090043574
6,Incidence,141,Egypt,3,Both,159,10-24 years,630,Low back pain,3,Rate,1990,2023,0.0041936915361442,0.0723180342736553,-0.0588362817193904
6,Incidence,117,Saint Vincent and the Grenadines,3,Both,159,10-24 years,630,Low back pain,3,Rate,1990,2023,-0.0146288521753836,0.0590908294651055,-0.0910186307997517
6,Incidence,211,Mali,3,Both,159,10-24 years,630,Low back pain,3,Rate,1990,2023,0.02657500896215,0.1008226391833476,-0.039134676767807
6,Incidence,203,Cabo Verde,3,Both,159,10-24 years,630,Low back pain,3,Rate,1990,2023,-0.0513786386067141,0.0134821954668448,-0.118983163698786
6,Incidence,217,Sierra Leone,3,Both,159,10-24 years,630,Low back pain,3,Rate,1990,2023,-0.0605073139812383,0.00054297130245,-0.1120621538668009
6,Incidence,149,Palestine,3,Both,159,10-24 years,630,Low back pain,3,Rate,1990,2023,-0.0253523073104725,0.0368522902995129,-0.0896705392479759
6,Incidence,164,Nepal,3,Both,159,10-24 years,630,Low back pain,3,Rate,1990,2023,-0.0866705822771266,0.0024275510896211,-0.175055951978196
6,Incidence,218,Togo,3,Both,159,10-24 years,630,Low back pain,3,Rate,1990,2023,-0.0730947891916574,-0.0171487327568243,-0.1299671576145125
6,Incidence,191,Zambia,3,Both,159,10-24 years,630,Low back pain,3,Rate,1990,2023,0.0629053449949999,0.1438033748850203,-0.0200133617637719
6,Incidence,172,Equatorial Guinea,3,Both,159,10-24 years,630,Low back pain,3,Rate,1990,2023,-0.0716704420019877,-0.0025874309208755,-0.1363584058737151
6,Incidence,216,Senegal,3,Both,159,10-24 years,630,Low back pain,3,Rate,1990,2023,-0.0437689812906185,0.0214522899398207,-0.1031304870688497
6,Incidence,376,Northern Mariana Islands,3,Both,159,10-24 years,630,Low back pain,3,Rate,1990,2023,-0.0984813516112895,-0.0261610380172114,-0.1566945963585033
6,Incidence,205,Côte d'Ivoire,3,Both,159,10-24 years,630,Low back pain,3,Rate,1990,2023,-0.0626385191371155,0.0176865410592962,-0.1284945451982787
6,Incidence,208,Guinea,3,Both,159,10-24 years,630,Low back pain,3,Rate,1990,2023,-0.0366792326111177,0.0244878165064999,-0.0965345043621027
6,Incidence,385,Puerto Rico,3,Both,159,10-24 years,630,Low back pain,3,Rate,1990,2023,-0.0039971992074564,0.0662232761704789,-0.0695291744721882
6,Incidence,194,Lesotho,3,Both,159,10-24 years,630,Low back pain,3,Rate,1990,2023,-0.017220391330059,0.0581935780502161,-0.1077455406472666
6,Incidence,189,United Republic of Tanzania,3,Both,159,10-24 years,630,Low back pain,3,Rate,1990,2023,-0.0555511252219096,0.0252039934865174,-0.1213039657107655
6,Incidence,157,Yemen,3,Both,159,10-24 years,630,Low back pain,3,Rate,1990,2023,-0.0163821093062221,0.0580102773312579,-0.0827948905475796
6,Incidence,197,Eswatini,3,Both,159,10-24 years,630,Low back pain,3,Rate,1990,2023,-0.0110263224738006,0.0627578413218022,-0.0666837488533921
6,Incidence,183,Mauritius,3,Both,159,10-24 years,630,Low back pain,3,Rate,1990,2023,-0.054636414983524,0.0240439806618302,-0.1276510501996402
6,Incidence,369,Nauru,3,Both,159,10-24 years,630,Low back pain,3,Rate,1990,2023,-0.0128963153117632,0.0542506085861877,-0.0738344084739337
6,Incidence,185,Rwanda,3,Both,159,10-24 years,630,Low back pain,3,Rate,1990,2023,-0.0468332288909866,0.0155712674326095,-0.1056115102308446
6,Incidence,413,Tokelau,3,Both,159,10-24 years,630,Low back pain,3,Rate,1990,2023,-0.0057144175822863,0.0584572073584939,-0.0696532961907073
6,Incidence,180,Kenya,3,Both,159,10-24 years,630,Low back pain,3,Rate,1990,2023,-0.018373307042095,2.9231734799e-05,-0.0408416741623301
6,Incidence,214,Nigeria,3,Both,159,10-24 years,630,Low back pain,3,Rate,1990,2023,-0.0701042338161149,-0.058784362437869,-0.0835715381858126
6,Incidence,320,Cook Islands,3,Both,159,10-24 years,630,Low back pain,3,Rate,1990,2023,-0.0107870816235809,0.0636993134677359,-0.0820340787142361
6,Incidence,161,Bangladesh,3,Both,159,10-24 years,630,Low back pain,3,Rate,1990,2023,-0.0807264643630299,-0.005583911392394,-0.1450385426279994
6,Incidence,298,American Samoa,3,Both,159,10-24 years,630,Low back pain,3,Rate,1990,2023,-0.0585803630628215,0.0047227228453645,-0.126368402987916
6,Incidence,173,Gabon,3,Both,159,10-24 years,630,Low back pain,3,Rate,1990,2023,-0.0219821067063831,0.034376832552885,-0.0791072622433968
6,Incidence,165,Pakistan,3,Both,159,10-24 years,630,Low back pain,3,Rate,1990,2023,0.1103542940212159,0.155692545005146,0.0674282398769954
6,Incidence,380,Palau,3,Both,159,10-24 years,630,Low back pain,3,Rate,1990,2023,-0.0005468940864271,0.0733076250000213,-0.0630665838329006
6,Incidence,206,Gambia,3,Both,159,10-24 years,630,Low back pain,3,Rate,1990,2023,-0.051742950484323,0.0156077485919832,-0.12200563181589
6,Incidence,522,Sudan,3,Both,159,10-24 years,630,Low back pain,3,Rate,1990,2023,0.0013606797845644,0.0821782394165648,-0.0689923880519113
6,Incidence,393,Saint Kitts and Nevis,3,Both,159,10-24 years,630,Low back pain,3,Rate,1990,2023,-0.005101953756598,0.0710398188102162,-0.0680465069651883
6,Incidence,190,Uganda,3,Both,159,10-24 years,630,Low back pain,3,Rate,1990,2023,-0.0681621323719127,-0.0073000907202942,-0.1276546484791313
6,Incidence,416,Tuvalu,3,Both,159,10-24 years,630,Low back pain,3,Rate,1990,2023,-0.0250973583591261,0.0505951216297671,-0.0940032751040698
6,Incidence,195,Namibia,3,Both,159,10-24 years,630,Low back pain,3,Rate,1990,2023,-0.0088304437899338,0.0776827998420462,-0.0808650764566607
6,Incidence,186,Seychelles,3,Both,159,10-24 years,630,Low back pain,3,Rate,1990,2023,-0.0696417516157632,-0.0047551242194707,-0.1347338886584155
6,Incidence,198,Zimbabwe,3,Both,159,10-24 years,630,Low back pain,3,Rate,1990,2023,0.0488046511854817,0.1377004384137144,-0.0230917062867536
6,Incidence,349,Greenland,3,Both,159,10-24 years,630,Low back pain,3,Rate,1990,2023,-0.1018516485481425,-0.0274625040966484,-0.1694460851282853
6,Incidence,181,Madagascar,3,Both,159,10-24 years,630,Low back pain,3,Rate,1990,2023,-0.0654531869491854,-0.0047663932098965,-0.1221241100628068
6,Incidence,162,Bhutan,3,Both,159,10-24 years,630,Low back pain,3,Rate,1990,2023,0.0107489970944836,0.0914966821993887,-0.047040490931035
6,Incidence,396,San Marino,3,Both,159,10-24 years,630,Low back pain,3,Rate,1990,2023,-0.0632210646013722,-0.0038174979855154,-0.1163384849721172
